36.0,25.0,41.0,58.0,27.0,30.0,48.0,31.0,47.0,35.0,57.0,26.0,62.0,24.0,32.0,31.0,40.0,30.0,29.0,41.0,34.0,55.0,37.0,18.0,19.0,20.0,25.0,48.0,22.0,47.0,47.0,45.0,39.0,69.0,25.0,57.0,25.0,31.0,31.0,39.0,72.0,70.0,75.0,42.0,42.0,56.0,57.0,26.0,32.0,49.0,41.0,38.0,47.0,26.0,94.0,66.0,33.0,42.0,42.0,42.0,37.0,42.0,44.0,63.0,38.0,55.0,107.0,72.0,37.0,33.0,17.0,44.0,54.0,38.0,23.0,50.0,53.0,24.0,46.0,28.0,74.0,31.0,26.0,33.0,36.0,24.0,37.0,58.0,41.0,62.0,47.0,59.0,49.0,42.0,56.0,38.0,30.0,44.0,26.0,50.0,31.0,56.0,56.0,67.0,66.0,63.0,61.0,54.0,59.0,30.0,53.0,39.0,36.0,48.0,50.0,36.0,43.0,33.0,93.0,39.0,46.0,65.0,53.0,49.0,26.0,70.0,91.0,70.0,72.0,36.0,39.0,29.0,66.0,37.0,24.0,21.0,38.0,43.0,18.0,92.0,38.0,42.0,36.0,69.0,57.0,29.0,40.0,45.0,41.0,24.0,48.0,73.0,108.0,52.0,56.0,87.0,35.0,53.0,58.0,56.0,80.0,62.0,61.0,56.0,51.0,43.0,76.0,40.0,68.0,87.0,37.0,45.0
43.0,47.0,61.0,31.0,34.0,37.0,71.0,42.0,46.0,100.0,53.0,108.0,63.0,43.0,72.0,51.0,74.0,54.0,74.0,69.0,58.0,48.0,70.0,55.0,51.0,63.0,71.0,38.0,54.0,61.0,89.0,60.0,21.0,120.0,59.0,23.0,88.0,86.0,63.0,43.0,21.0,22.0,34.0,22.0,28.0,33.0,21.0,26.0,78.0,42.0,45.0,56.0,45.0,73.0,23.0,51.0,32.0,70.0,43.0,87.0,42.0,62.0,45.0,112.0,64.0,54.0,69.0,42.0,44.0,58.0,51.0,52.0,54.0,68.0,265.0,275.0,217.0,496.0,303.0,515.0,355.0,387.0,519.0,249.0,521.0,307.0,335.0,318.0,171.0,371.0,189.0,307.0,134.0,154.0,40.0,109.0,23.0,60.0,49.0,67.0,109.0,63.0,60.0,68.0,110.0,46.0,30.0,127.0,307.0,385.0,345.0,335.0,248.0,375.0,176.0,192.0,156.0,137.0,99.0,139.0,293.0,159.0,349.0,263.0,446.0,333.0,399.0,429.0,315.0,361.0,257.0,423.0,236.0,242.0,74.0,122.0,57.0,34.0,52.0,28.0,53.0,52.0,72.0,55.0,30.0,35.0,21.0,21.0,26.0,74.0,24.0,52.0,72.0,102.0,60.0,39.0,161.0,184.0,190.0,191.0,202.0,201.0,187.0,109.0,153.0,90.0,132.0,81.0,135.0,113.0,151.0,111.0
60.0,24.0,30.0,59.0,56.0,44.0,66.0,29.0,87.0,39.0,36.0,46.0,34.0,67.0,26.0,63.0,30.0,47.0,39.0,18.0,72.0,53.0,43.0,43.0,39.0,30.0,65.0,30.0,56.0,34.0,48.0,134.0,41.0,31.0,30.0,37.0,51.0,56.0,27.0,34.0,22.0,52.0,36.0,50.0,29.0,30.0,24.0,31.0,52.0,71.0,36.0,31.0,21.0,64.0,25.0,78.0,23.0,36.0,35.0,17.0,77.0,21.0,91.0,31.0,104.0,140.0,159.0,96.0,84.0,65.0,72.0,114.0,86.0,85.0,39.0,38.0,60.0,109.0,234.0,439.0,499.0,463.0,743.0,446.0,493.0,588.0,365.0,673.0,433.0,469.0,438.0,176.0,297.0,290.0,160.0,112.0,143.0,88.0,27.0,58.0,69.0,113.0,104.0,92.0,133.0,82.0,141.0,83.0,96.0,53.0,39.0,62.0,196.0,198.0,209.0,187.0,129.0,154.0,122.0,130.0,122.0,94.0,98.0,258.0,238.0,383.0,211.0,321.0,209.0,247.0,216.0,198.0,172.0,147.0,58.0,61.0,50.0,32.0,52.0,67.0,63.0,32.0,32.0,29.0,25.0,53.0,61.0,36.0,26.0,83.0,46.0,82.0,88.0,74.0,155.0,84.0,220.0,150.0,160.0,147.0,190.0,180.0,140.0,81.0,144.0,102.0,124.0,121.0,133.0,117.0,121.0,136.0
44.0,61.0,103.0,57.0,33.0,85.0,49.0,37.0,36.0,39.0,25.0,52.0,34.0,86.0,36.0,35.0,34.0,119.0,43.0,59.0,20.0,37.0,22.0,80.0,60.0,10.0,41.0,39.0,30.0,63.0,54.0,35.0,50.0,45.0,114.0,50.0,53.0,27.0,28.0,40.0,32.0,40.0,41.0,18.0,29.0,94.0,99.0,44.0,39.0,31.0,31.0,54.0,17.0,38.0,38.0,39.0,53.0,50.0,72.0,26.0,57.0,21.0,33.0,22.0,46.0,126.0,107.0,48.0,53.0,74.0,29.0,15.0,22.0,67.0,27.0,41.0,68.0,70.0,41.0,32.0,54.0,20.0,71.0,51.0,83.0,49.0,77.0,64.0,37.0,60.0,63.0,75.0,77.0,65.0,188.0,296.0,291.0,485.0,282.0,541.0,533.0,334.0,615.0,466.0,384.0,596.0,451.0,358.0,334.0,228.0,98.0,331.0,186.0,136.0,74.0,38.0,49.0,38.0,80.0,76.0,41.0,106.0,51.0,34.0,68.0,74.0,92.0,49.0,58.0,264.0,265.0,350.0,308.0,86.0,258.0,128.0,237.0,154.0,142.0,133.0,125.0,209.0,243.0,418.0,456.0,451.0,602.0,381.0,480.0,407.0,296.0,368.0,125.0,213.0,95.0,53.0,71.0,34.0,31.0,24.0,78.0,30.0,64.0,40.0,51.0,62.0,44.0,49.0,41.0,76.0,56.0,42.0
51.0,44.0,40.0,30.0,49.0,27.0,32.0,22.0,16.0,25.0,90.0,34.0,43.0,73.0,65.0,29.0,52.0,20.0,41.0,39.0,88.0,24.0,34.0,95.0,29.0,37.0,152.0,41.0,110.0,26.0,48.0,94.0,67.0,63.0,74.0,42.0,71.0,37.0,46.0,22.0,54.0,70.0,47.0,29.0,67.0,52.0,71.0,32.0,70.0,81.0,52.0,61.0,52.0,33.0,69.0,50.0,54.0,55.0,43.0,29.0,72.0,78.0,64.0,40.0,31.0,27.0,84.0,124.0,43.0,57.0,40.0,41.0,78.0,47.0,71.0,37.0,40.0,77.0,73.0,148.0,322.0,223.0,463.0,424.0,251.0,466.0,274.0,439.0,384.0,266.0,305.0,134.0,282.0,202.0,164.0,147.0,136.0,65.0,24.0,89.0,67.0,66.0,92.0,173.0,97.0,77.0,62.0,38.0,86.0,310.0,299.0,396.0,380.0,272.0,449.0,345.0,223.0,219.0,76.0,226.0,69.0,165.0,163.0,153.0,140.0,178.0,298.0,267.0,453.0,349.0,417.0,417.0,209.0,261.0,198.0,175.0,62.0,98.0,52.0,44.0,105.0,51.0,63.0,94.0,41.0,56.0,36.0,44.0,44.0,100.0,133.0,35.0,77.0,65.0,58.0,102.0,110.0,124.0,227.0,111.0,181.0,100.0,220.0,122.0,87.0,122.0,78.0,134.0,89.0,153.0,95.0,125.0
44.0,51.0,104.0,60.0,61.0,38.0,42.0,75.0,50.0,45.0,22.0,31.0,45.0,65.0,42.0,69.0,37.0,49.0,24.0,68.0,34.0,44.0,36.0,63.0,37.0,25.0,38.0,44.0,33.0,56.0,51.0,93.0,60.0,38.0,24.0,32.0,27.0,25.0,21.0,27.0,28.0,40.0,29.0,43.0,90.0,135.0,50.0,24.0,22.0,26.0,28.0,52.0,77.0,63.0,42.0,47.0,52.0,61.0,62.0,84.0,53.0,45.0,56.0,173.0,346.0,150.0,502.0,380.0,314.0,531.0,180.0,497.0,311.0,242.0,388.0,217.0,204.0,188.0,164.0,131.0,95.0,98.0,82.0,85.0,78.0,93.0,51.0,47.0,63.0,73.0,87.0,38.0,60.0,53.0,75.0,156.0,290.0,141.0,266.0,142.0,145.0,149.0,80.0,106.0,88.0,147.0,81.0,103.0,265.0,173.0,364.0,271.0,406.0,340.0,273.0,289.0,279.0,113.0,124.0,84.0,121.0,56.0,45.0,88.0,76.0,115.0,83.0,75.0,58.0,64.0,67.0,80.0,62.0,75.0,58.0,84.0,49.0,54.0,63.0,93.0,98.0,153.0,136.0,152.0,88.0,132.0,91.0,162.0,114.0,155.0,94.0,211.0,139.0,146.0,115.0,85.0,188.0,207.0,141.0,86.0,116.0,70.0,148.0,69.0,102.0,87.0,70.0,51.0,48.0,81.0,70.0,43.0
66.0,46.0,41.0,38.0,85.0,43.0,40.0,29.0,31.0,38.0,35.0,83.0,66.0,54.0,28.0,28.0,19.0,33.0,33.0,32.0,61.0,17.0,80.0,30.0,60.0,28.0,25.0,38.0,18.0,55.0,60.0,38.0,27.0,37.0,51.0,40.0,17.0,27.0,57.0,20.0,83.0,58.0,55.0,25.0,36.0,37.0,65.0,71.0,15.0,73.0,26.0,123.0,38.0,99.0,84.0,77.0,55.0,26.0,42.0,48.0,46.0,64.0,51.0,68.0,47.0,73.0,169.0,193.0,409.0,435.0,337.0,470.0,334.0,408.0,510.0,299.0,500.0,366.0,223.0,314.0,165.0,157.0,284.0,119.0,174.0,39.0,114.0,35.0,63.0,50.0,75.0,64.0,61.0,94.0,169.0,171.0,106.0,106.0,101.0,380.0,248.0,350.0,295.0,245.0,196.0,157.0,178.0,159.0,103.0,96.0,136.0,88.0,72.0,200.0,286.0,229.0,418.0,359.0,247.0,425.0,372.0,224.0,364.0,241.0,105.0,148.0,58.0,59.0,82.0,91.0,50.0,52.0,88.0,71.0,67.0,114.0,98.0,102.0,98.0,73.0,48.0,78.0,58.0,76.0,66.0,83.0,51.0,95.0,95.0,238.0,145.0,226.0,209.0,179.0,97.0,147.0,113.0,155.0,119.0,147.0,117.0,122.0,116.0,141.0,116.0,85.0,86.0,116.0,92.0,123.0,124.0,107.0
47.0,56.0,39.0,57.0,38.0,26.0,38.0,55.0,29.0,45.0,59.0,54.0,67.0,22.0,31.0,36.0,59.0,67.0,64.0,28.0,34.0,37.0,39.0,35.0,21.0,25.0,27.0,50.0,21.0,47.0,29.0,41.0,38.0,19.0,78.0,35.0,28.0,61.0,35.0,71.0,46.0,70.0,30.0,83.0,58.0,49.0,27.0,49.0,12.0,49.0,49.0,60.0,42.0,45.0,52.0,29.0,47.0,41.0,88.0,64.0,44.0,137.0,119.0,216.0,314.0,169.0,274.0,171.0,254.0,164.0,311.0,251.0,202.0,169.0,107.0,186.0,82.0,173.0,68.0,63.0,26.0,59.0,73.0,51.0,72.0,40.0,41.0,52.0,39.0,63.0,109.0,141.0,167.0,212.0,134.0,191.0,48.0,129.0,71.0,79.0,105.0,93.0,99.0,93.0,137.0,97.0,215.0,168.0,300.0,192.0,246.0,268.0,121.0,199.0,54.0,81.0,53.0,32.0,57.0,25.0,45.0,83.0,50.0,21.0,71.0,64.0,50.0,30.0,40.0,30.0,34.0,55.0,32.0,59.0,57.0,115.0,141.0,217.0,164.0,195.0,100.0,169.0,57.0,168.0,114.0,159.0,55.0,114.0,57.0,157.0,102.0,105.0,98.0,144.0,59.0,184.0,103.0,169.0,106.0,107.0,60.0,94.0,90.0,71.0,77.0,52.0,39.0,77.0,45.0,52.0,57.0,43.0
85.0,38.0,31.0,66.0,36.0,54.0,28.0,20.0,22.0,16.0,41.0,15.0,75.0,43.0,41.0,44.0,27.0,32.0,73.0,35.0,27.0,42.0,40.0,68.0,29.0,29.0,59.0,74.0,30.0,68.0,29.0,54.0,37.0,56.0,55.0,26.0,43.0,27.0,24.0,47.0,39.0,60.0,34.0,40.0,31.0,51.0,24.0,21.0,58.0,31.0,28.0,43.0,36.0,57.0,37.0,45.0,44.0,39.0,32.0,53.0,38.0,47.0,82.0,75.0,54.0,51.0,43.0,36.0,58.0,79.0,68.0,94.0,183.0,298.0,201.0,293.0,312.0,280.0,402.0,199.0,291.0,190.0,270.0,227.0,100.0,141.0,74.0,124.0,57.0,42.0,36.0,33.0,69.0,72.0,55.0,65.0,36.0,59.0,38.0,48.0,96.0,97.0,94.0,134.0,229.0,138.0,249.0,118.0,200.0,125.0,165.0,41.0,89.0,102.0,81.0,54.0,93.0,162.0,131.0,237.0,246.0,322.0,253.0,187.0,289.0,101.0,131.0,60.0,57.0,28.0,40.0,60.0,138.0,65.0,71.0,71.0,80.0,42.0,76.0,49.0,60.0,42.0,34.0,92.0,38.0,101.0,48.0,37.0,50.0,100.0,175.0,154.0,155.0,212.0,159.0,145.0,93.0,157.0,87.0,141.0,95.0,162.0,99.0,157.0,104.0,81.0,95.0,146.0,54.0,123.0,112.0,79.0
31.0,68.0,18.0,24.0,32.0,21.0,34.0,46.0,34.0,42.0,48.0,24.0,39.0,31.0,63.0,26.0,46.0,49.0,31.0,48.0,45.0,87.0,52.0,30.0,46.0,32.0,69.0,32.0,43.0,36.0,23.0,69.0,32.0,27.0,32.0,52.0,20.0,27.0,24.0,51.0,36.0,16.0,58.0,37.0,51.0,74.0,57.0,31.0,41.0,28.0,19.0,38.0,28.0,52.0,44.0,35.0,38.0,42.0,40.0,41.0,34.0,31.0,29.0,44.0,69.0,56.0,31.0,29.0,36.0,120.0,79.0,60.0,60.0,37.0,39.0,33.0,86.0,156.0,272.0,301.0,205.0,338.0,231.0,330.0,174.0,272.0,221.0,125.0,170.0,69.0,209.0,106.0,180.0,115.0,84.0,63.0,43.0,43.0,70.0,52.0,56.0,87.0,64.0,56.0,38.0,69.0,123.0,199.0,275.0,119.0,208.0,30.0,134.0,72.0,136.0,57.0,41.0,93.0,158.0,126.0,212.0,144.0,280.0,270.0,167.0,276.0,137.0,243.0,132.0,120.0,65.0,41.0,25.0,41.0,76.0,50.0,54.0,43.0,45.0,69.0,34.0,26.0,48.0,41.0,28.0,26.0,63.0,58.0,38.0,106.0,180.0,167.0,231.0,189.0,188.0,193.0,214.0,155.0,205.0,174.0,125.0,114.0,99.0,123.0,128.0,145.0,174.0,115.0,81.0,118.0,174.0,166.0
56.0,47.0,44.0,42.0,55.0,48.0,62.0,30.0,72.0,71.0,56.0,41.0,82.0,82.0,31.0,37.0,39.0,77.0,57.0,63.0,41.0,33.0,28.0,81.0,35.0,25.0,33.0,31.0,29.0,39.0,50.0,67.0,47.0,82.0,44.0,50.0,31.0,27.0,46.0,34.0,57.0,79.0,63.0,19.0,58.0,68.0,33.0,39.0,50.0,34.0,50.0,36.0,65.0,51.0,29.0,26.0,68.0,28.0,52.0,53.0,46.0,79.0,44.0,208.0,395.0,395.0,261.0,583.0,300.0,395.0,391.0,280.0,427.0,300.0,197.0,318.0,179.0,212.0,121.0,118.0,99.0,33.0,96.0,59.0,40.0,65.0,47.0,34.0,86.0,53.0,57.0,60.0,121.0,182.0,232.0,189.0,201.0,73.0,179.0,83.0,130.0,58.0,78.0,56.0,191.0,139.0,327.0,149.0,250.0,190.0,180.0,222.0,118.0,110.0,53.0,103.0,27.0,27.0,57.0,39.0,65.0,17.0,23.0,33.0,53.0,22.0,65.0,58.0,52.0,65.0,67.0,47.0,99.0,106.0,172.0,221.0,118.0,182.0,66.0,184.0,65.0,129.0,94.0,219.0,97.0,177.0,93.0,127.0,85.0,86.0,115.0,108.0,87.0,79.0,54.0,92.0,75.0,28.0,51.0,73.0,112.0,90.0,98.0,44.0,64.0,49.0,132.0,90.0,35.0,51.0,16.0,43.0
38.0,49.0,24.0,42.0,100.0,52.0,35.0,46.0,59.0,47.0,51.0,29.0,44.0,34.0,49.0,19.0,39.0,53.0,24.0,40.0,39.0,59.0,26.0,49.0,42.0,37.0,60.0,50.0,83.0,33.0,36.0,25.0,86.0,63.0,61.0,60.0,32.0,28.0,37.0,47.0,29.0,44.0,29.0,66.0,99.0,49.0,104.0,62.0,85.0,69.0,41.0,77.0,39.0,65.0,38.0,41.0,45.0,78.0,32.0,38.0,104.0,70.0,137.0,58.0,97.0,52.0,49.0,84.0,105.0,50.0,61.0,84.0,39.0,122.0,310.0,247.0,644.0,370.0,342.0,541.0,277.0,394.0,215.0,100.0,409.0,220.0,242.0,174.0,158.0,49.0,74.0,49.0,50.0,50.0,84.0,93.0,143.0,49.0,70.0,100.0,92.0,264.0,188.0,355.0,261.0,264.0,230.0,168.0,192.0,101.0,207.0,104.0,112.0,132.0,133.0,255.0,225.0,299.0,194.0,364.0,256.0,200.0,92.0,170.0,45.0,47.0,28.0,67.0,44.0,72.0,32.0,51.0,40.0,39.0,27.0,63.0,49.0,42.0,34.0,37.0,46.0,49.0,52.0,94.0,71.0,98.0,142.0,110.0,157.0,120.0,169.0,56.0,134.0,101.0,164.0,79.0,146.0,78.0,93.0,60.0,86.0,132.0,157.0,87.0,152.0,130.0,97.0,71.0,116.0,107.0,94.0,107.0
77.0,40.0,23.0,39.0,120.0,93.0,107.0,92.0,64.0,48.0,25.0,25.0,82.0,36.0,75.0,113.0,102.0,47.0,33.0,59.0,44.0,69.0,41.0,55.0,33.0,52.0,24.0,80.0,58.0,60.0,48.0,51.0,54.0,70.0,64.0,29.0,71.0,69.0,111.0,80.0,74.0,31.0,23.0,39.0,37.0,27.0,36.0,36.0,32.0,30.0,72.0,33.0,32.0,43.0,39.0,76.0,71.0,71.0,56.0,49.0,26.0,42.0,72.0,59.0,27.0,30.0,36.0,62.0,106.0,208.0,237.0,183.0,358.0,166.0,303.0,282.0,187.0,295.0,133.0,201.0,220.0,112.0,75.0,130.0,74.0,65.0,106.0,69.0,64.0,74.0,61.0,69.0,50.0,65.0,53.0,65.0,45.0,152.0,128.0,246.0,173.0,224.0,142.0,127.0,175.0,156.0,138.0,134.0,128.0,82.0,183.0,140.0,350.0,194.0,307.0,268.0,201.0,259.0,149.0,275.0,110.0,131.0,40.0,66.0,47.0,42.0,34.0,121.0,101.0,31.0,34.0,67.0,60.0,28.0,50.0,23.0,35.0,126.0,123.0,111.0,163.0,247.0,148.0,188.0,128.0,109.0,150.0,133.0,152.0,169.0,105.0,147.0,102.0,114.0,84.0,187.0,132.0,107.0,134.0,53.0,161.0,117.0,107.0,78.0,141.0,66.0,61.0,114.0,154.0,128.0,88.0,130.0
34.0,54.0,54.0,36.0,51.0,31.0,41.0,40.0,70.0,44.0,27.0,51.0,35.0,51.0,27.0,24.0,24.0,65.0,32.0,51.0,36.0,21.0,26.0,39.0,44.0,87.0,81.0,40.0,43.0,22.0,59.0,20.0,30.0,32.0,51.0,33.0,36.0,45.0,26.0,48.0,40.0,37.0,57.0,53.0,82.0,57.0,35.0,50.0,55.0,41.0,68.0,29.0,80.0,106.0,62.0,72.0,121.0,41.0,72.0,114.0,99.0,61.0,77.0,86.0,67.0,119.0,45.0,68.0,87.0,97.0,56.0,72.0,36.0,30.0,63.0,79.0,70.0,108.0,198.0,345.0,168.0,399.0,336.0,236.0,401.0,299.0,240.0,282.0,120.0,305.0,123.0,215.0,197.0,83.0,53.0,56.0,92.0,87.0,76.0,126.0,104.0,136.0,52.0,89.0,39.0,66.0,93.0,156.0,289.0,208.0,190.0,214.0,86.0,231.0,105.0,159.0,140.0,162.0,130.0,239.0,254.0,286.0,312.0,214.0,365.0,207.0,246.0,235.0,183.0,88.0,53.0,83.0,41.0,22.0,68.0,88.0,56.0,59.0,69.0,75.0,53.0,56.0,139.0,95.0,60.0,56.0,110.0,76.0,65.0,155.0,105.0,196.0,147.0,215.0,141.0,138.0,147.0,129.0,100.0,137.0,141.0,117.0,203.0,136.0,111.0,125.0,111.0,108.0,140.0,157.0,55.0,93.0
32.0,35.0,46.0,40.0,26.0,33.0,26.0,25.0,39.0,25.0,51.0,121.0,17.0,34.0,102.0,55.0,51.0,54.0,26.0,22.0,37.0,25.0,45.0,35.0,35.0,41.0,51.0,46.0,52.0,63.0,37.0,104.0,52.0,60.0,50.0,35.0,21.0,66.0,79.0,32.0,47.0,47.0,28.0,48.0,53.0,30.0,31.0,33.0,82.0,57.0,39.0,50.0,50.0,56.0,54.0,58.0,42.0,93.0,45.0,42.0,32.0,31.0,35.0,71.0,53.0,63.0,43.0,31.0,42.0,87.0,205.0,394.0,277.0,250.0,350.0,233.0,323.0,275.0,122.0,252.0,109.0,227.0,174.0,111.0,47.0,56.0,30.0,30.0,67.0,74.0,67.0,25.0,60.0,30.0,57.0,83.0,202.0,135.0,294.0,227.0,209.0,236.0,103.0,260.0,125.0,194.0,128.0,110.0,96.0,84.0,161.0,78.0,257.0,229.0,354.0,254.0,347.0,335.0,196.0,187.0,90.0,202.0,98.0,46.0,29.0,60.0,37.0,64.0,42.0,79.0,36.0,68.0,55.0,63.0,82.0,72.0,32.0,97.0,50.0,64.0,52.0,57.0,54.0,84.0,70.0,210.0,110.0,184.0,124.0,173.0,86.0,166.0,136.0,138.0,124.0,167.0,80.0,147.0,44.0,117.0,127.0,129.0,90.0,185.0,66.0,168.0,119.0,177.0,114.0,181.0,87.0,97.0
32.0,67.0,43.0,27.0,41.0,61.0,49.0,31.0,25.0,26.0,45.0,53.0,65.0,58.0,50.0,52.0,35.0,77.0,55.0,46.0,25.0,62.0,41.0,48.0,52.0,48.0,38.0,68.0,37.0,50.0,92.0,58.0,36.0,36.0,24.0,69.0,47.0,83.0,58.0,29.0,29.0,30.0,43.0,75.0,73.0,44.0,36.0,42.0,27.0,63.0,50.0,114.0,55.0,55.0,65.0,67.0,42.0,51.0,77.0,37.0,38.0,46.0,131.0,163.0,287.0,279.0,220.0,374.0,137.0,299.0,209.0,215.0,213.0,91.0,242.0,88.0,129.0,80.0,24.0,61.0,95.0,107.0,42.0,48.0,83.0,47.0,31.0,55.0,48.0,61.0,39.0,166.0,152.0,202.0,295.0,131.0,255.0,114.0,176.0,175.0,118.0,103.0,89.0,153.0,117.0,268.0,183.0,361.0,288.0,344.0,305.0,215.0,297.0,133.0,126.0,105.0,40.0,16.0,29.0,37.0,30.0,77.0,39.0,26.0,20.0,41.0,49.0,51.0,21.0,49.0,39.0,20.0,31.0,39.0,40.0,68.0,95.0,209.0,118.0,209.0,102.0,180.0,86.0,143.0,109.0,133.0,98.0,125.0,87.0,109.0,99.0,124.0,80.0,133.0,80.0,46.0,61.0,55.0,100.0,32.0,114.0,49.0,82.0,102.0,109.0,121.0,67.0,49.0,69.0,52.0,79.0,79.0
17.0,57.0,52.0,30.0,23.0,50.0,29.0,69.0,52.0,27.0,15.0,44.0,65.0,33.0,38.0,47.0,36.0,30.0,30.0,31.0,27.0,29.0,90.0,92.0,69.0,59.0,36.0,89.0,56.0,82.0,42.0,21.0,27.0,46.0,27.0,35.0,27.0,57.0,34.0,34.0,39.0,75.0,67.0,56.0,46.0,30.0,27.0,35.0,91.0,17.0,93.0,36.0,22.0,52.0,95.0,47.0,82.0,99.0,70.0,48.0,81.0,40.0,47.0,98.0,199.0,367.0,181.0,525.0,310.0,381.0,327.0,175.0,316.0,253.0,273.0,242.0,120.0,268.0,96.0,157.0,74.0,39.0,61.0,58.0,61.0,67.0,63.0,93.0,69.0,65.0,122.0,226.0,101.0,230.0,227.0,144.0,250.0,107.0,300.0,51.0,157.0,160.0,177.0,55.0,40.0,51.0,146.0,209.0,233.0,257.0,186.0,216.0,165.0,204.0,80.0,177.0,83.0,38.0,96.0,27.0,33.0,87.0,76.0,90.0,87.0,111.0,47.0,37.0,32.0,51.0,38.0,71.0,59.0,74.0,112.0,188.0,119.0,215.0,93.0,185.0,131.0,136.0,101.0,126.0,76.0,145.0,50.0,96.0,78.0,119.0,134.0,164.0,106.0,81.0,106.0,106.0,153.0,66.0,54.0,74.0,92.0,70.0,139.0,65.0,58.0,83.0,34.0,48.0,56.0,21.0,34.0,51.0
47.0,24.0,31.0,70.0,41.0,35.0,35.0,28.0,38.0,34.0,62.0,51.0,40.0,35.0,57.0,74.0,45.0,27.0,41.0,45.0,50.0,32.0,67.0,71.0,106.0,42.0,38.0,48.0,58.0,99.0,51.0,72.0,108.0,103.0,96.0,96.0,55.0,72.0,74.0,33.0,107.0,65.0,35.0,82.0,35.0,62.0,61.0,44.0,52.0,61.0,70.0,56.0,48.0,76.0,60.0,111.0,59.0,48.0,58.0,49.0,57.0,56.0,71.0,64.0,94.0,107.0,65.0,89.0,109.0,95.0,120.0,116.0,99.0,126.0,146.0,220.0,222.0,232.0,165.0,362.0,144.0,305.0,263.0,190.0,206.0,172.0,224.0,115.0,216.0,139.0,198.0,131.0,178.0,130.0,106.0,138.0,100.0,117.0,111.0,73.0,120.0,115.0,129.0,89.0,130.0,157.0,177.0,230.0,162.0,245.0,90.0,97.0,153.0,195.0,133.0,129.0,103.0,141.0,297.0,221.0,353.0,287.0,301.0,381.0,237.0,191.0,226.0,158.0,176.0,76.0,94.0,123.0,108.0,56.0,73.0,93.0,90.0,138.0,188.0,92.0,58.0,75.0,160.0,135.0,91.0,122.0,85.0,82.0,76.0,215.0,207.0,290.0,211.0,150.0,192.0,80.0,146.0,139.0,188.0,72.0,198.0,131.0,176.0,115.0,146.0,93.0,179.0,108.0,77.0,47.0,130.0,92.0
94.0,84.0,91.0,63.0,83.0,86.0,61.0,43.0,41.0,80.0,51.0,60.0,45.0,46.0,62.0,25.0,44.0,37.0,59.0,32.0,80.0,51.0,31.0,49.0,44.0,108.0,54.0,50.0,51.0,22.0,73.0,26.0,44.0,37.0,59.0,56.0,57.0,56.0,70.0,40.0,37.0,51.0,56.0,23.0,16.0,20.0,53.0,54.0,25.0,14.0,58.0,30.0,32.0,20.0,53.0,55.0,54.0,51.0,50.0,67.0,60.0,58.0,47.0,56.0,71.0,61.0,65.0,46.0,77.0,69.0,70.0,43.0,67.0,42.0,50.0,91.0,109.0,183.0,75.0,164.0,71.0,106.0,241.0,237.0,135.0,426.0,131.0,341.0,322.0,210.0,292.0,174.0,211.0,253.0,181.0,229.0,112.0,131.0,79.0,98.0,38.0,52.0,71.0,106.0,67.0,53.0,76.0,68.0,93.0,56.0,127.0,80.0,238.0,254.0,155.0,228.0,253.0,198.0,371.0,137.0,164.0,174.0,92.0,160.0,87.0,116.0,115.0,101.0,249.0,135.0,372.0,294.0,350.0,338.0,273.0,390.0,310.0,224.0,271.0,154.0,200.0,107.0,143.0,58.0,50.0,77.0,68.0,32.0,41.0,27.0,66.0,38.0,54.0,44.0,115.0,33.0,88.0,34.0,54.0,51.0,69.0,33.0,44.0,108.0,175.0,104.0,246.0,148.0,221.0,139.0,195.0,120.0
50.0,41.0,77.0,200.0,40.0,49.0,84.0,56.0,47.0,63.0,39.0,73.0,30.0,66.0,50.0,81.0,53.0,52.0,63.0,35.0,53.0,42.0,37.0,93.0,50.0,54.0,69.0,30.0,37.0,45.0,47.0,64.0,42.0,47.0,53.0,70.0,44.0,42.0,53.0,39.0,48.0,63.0,29.0,65.0,75.0,75.0,105.0,87.0,75.0,75.0,44.0,56.0,104.0,73.0,91.0,32.0,67.0,60.0,60.0,76.0,39.0,48.0,63.0,37.0,45.0,57.0,78.0,90.0,59.0,65.0,93.0,63.0,95.0,59.0,99.0,91.0,111.0,79.0,73.0,95.0,89.0,80.0,105.0,64.0,106.0,190.0,172.0,357.0,201.0,357.0,235.0,235.0,277.0,211.0,333.0,235.0,207.0,220.0,99.0,224.0,48.0,157.0,85.0,69.0,29.0,43.0,65.0,102.0,81.0,50.0,49.0,96.0,59.0,67.0,64.0,200.0,335.0,276.0,318.0,360.0,215.0,254.0,227.0,79.0,225.0,196.0,156.0,152.0,153.0,214.0,205.0,405.0,405.0,371.0,435.0,379.0,420.0,391.0,232.0,321.0,141.0,109.0,78.0,73.0,80.0,86.0,99.0,61.0,68.0,94.0,65.0,75.0,81.0,64.0,77.0,80.0,75.0,108.0,103.0,73.0,98.0,53.0,105.0,179.0,196.0,210.0,174.0,201.0,113.0,255.0,93.0,152.0
67.0,65.0,88.0,47.0,62.0,33.0,40.0,33.0,55.0,63.0,17.0,67.0,17.0,57.0,53.0,60.0,58.0,84.0,48.0,59.0,73.0,64.0,61.0,84.0,56.0,51.0,72.0,75.0,86.0,75.0,107.0,69.0,66.0,46.0,93.0,37.0,41.0,50.0,36.0,43.0,52.0,69.0,56.0,43.0,40.0,70.0,33.0,46.0,74.0,49.0,68.0,40.0,55.0,61.0,70.0,67.0,77.0,73.0,34.0,112.0,65.0,129.0,43.0,94.0,56.0,57.0,84.0,45.0,38.0,40.0,60.0,47.0,146.0,370.0,343.0,273.0,398.0,268.0,413.0,306.0,256.0,374.0,274.0,145.0,250.0,96.0,259.0,92.0,95.0,70.0,42.0,52.0,110.0,59.0,59.0,58.0,31.0,87.0,47.0,66.0,74.0,197.0,376.0,249.0,347.0,273.0,160.0,228.0,170.0,154.0,98.0,145.0,228.0,111.0,310.0,158.0,360.0,399.0,270.0,403.0,252.0,293.0,256.0,67.0,203.0,78.0,51.0,107.0,85.0,60.0,61.0,103.0,38.0,16.0,52.0,79.0,28.0,28.0,76.0,32.0,63.0,87.0,27.0,28.0,64.0,105.0,141.0,99.0,196.0,89.0,216.0,101.0,154.0,96.0,179.0,144.0,115.0,136.0,146.0,76.0,106.0,221.0,90.0,54.0,93.0,54.0,133.0,99.0,64.0,76.0,59.0,56.0
28.0,28.0,123.0,68.0,68.0,73.0,47.0,50.0,80.0,53.0,47.0,30.0,62.0,18.0,86.0,21.0,26.0,37.0,55.0,50.0,43.0,56.0,44.0,33.0,50.0,60.0,34.0,54.0,103.0,51.0,31.0,32.0,44.0,41.0,45.0,34.0,43.0,27.0,77.0,49.0,40.0,25.0,18.0,51.0,34.0,54.0,81.0,69.0,41.0,46.0,32.0,99.0,40.0,35.0,90.0,34.0,103.0,329.0,159.0,257.0,362.0,270.0,377.0,254.0,249.0,413.0,282.0,190.0,256.0,106.0,278.0,74.0,187.0,50.0,30.0,52.0,18.0,53.0,94.0,82.0,92.0,85.0,60.0,71.0,66.0,54.0,143.0,196.0,164.0,275.0,131.0,219.0,119.0,138.0,139.0,116.0,141.0,63.0,198.0,213.0,284.0,309.0,268.0,364.0,248.0,244.0,223.0,76.0,175.0,70.0,86.0,63.0,42.0,45.0,77.0,43.0,36.0,33.0,32.0,19.0,17.0,71.0,62.0,60.0,52.0,35.0,34.0,75.0,88.0,167.0,147.0,208.0,156.0,126.0,187.0,139.0,207.0,93.0,115.0,107.0,150.0,100.0,148.0,87.0,130.0,94.0,130.0,83.0,120.0,108.0,83.0,62.0,111.0,47.0,96.0,40.0,78.0,50.0,79.0,23.0,38.0,43.0,32.0,44.0,50.0,41.0,45.0,29.0,33.0,28.0,21.0,44.0
34.0,32.0,23.0,21.0,67.0,37.0,26.0,32.0,26.0,35.0,23.0,59.0,38.0,34.0,67.0,35.0,70.0,44.0,44.0,55.0,37.0,55.0,53.0,23.0,34.0,37.0,31.0,50.0,33.0,29.0,55.0,40.0,16.0,41.0,28.0,54.0,54.0,23.0,60.0,85.0,32.0,57.0,28.0,39.0,42.0,72.0,25.0,52.0,105.0,75.0,81.0,72.0,62.0,116.0,63.0,107.0,53.0,69.0,255.0,310.0,281.0,331.0,364.0,259.0,447.0,293.0,232.0,362.0,212.0,191.0,229.0,105.0,189.0,118.0,80.0,47.0,39.0,74.0,75.0,32.0,28.0,126.0,67.0,58.0,159.0,164.0,168.0,276.0,223.0,343.0,229.0,116.0,168.0,43.0,246.0,114.0,150.0,182.0,172.0,278.0,225.0,408.0,332.0,232.0,282.0,133.0,191.0,89.0,94.0,82.0,64.0,53.0,48.0,40.0,53.0,33.0,37.0,34.0,42.0,46.0,88.0,37.0,42.0,59.0,42.0,32.0,114.0,86.0,157.0,207.0,104.0,254.0,75.0,171.0,109.0,139.0,118.0,173.0,82.0,170.0,122.0,76.0,89.0,119.0,40.0,117.0,106.0,90.0,108.0,108.0,41.0,58.0,60.0,102.0,33.0,134.0,59.0,54.0,37.0,45.0,105.0,27.0,54.0,58.0,56.0,43.0,38.0,51.0,113.0,48.0,46.0,26.0
161.0,140.0,117.0,65.0,151.0,83.0,66.0,131.0,106.0,91.0,156.0,220.0,367.0,293.0,249.0,237.0,260.0,286.0,214.0,140.0,168.0,165.0,196.0,212.0,147.0,134.0,111.0,109.0,122.0,207.0,221.0,219.0,336.0,360.0,397.0,284.0,217.0,164.0,291.0,285.0,192.0,183.0,235.0,264.0,122.0,181.0,149.0,174.0,149.0,100.0,103.0,103.0,122.0,144.0,158.0,301.0,382.0,417.0,454.0,353.0,295.0,568.0,477.0,367.0,455.0,365.0,311.0,492.0,430.0,340.0,326.0,225.0,195.0,94.0,177.0,125.0,160.0,157.0,159.0,127.0,104.0,140.0,100.0,94.0,104.0,97.0,44.0,107.0,276.0,430.0,465.0,499.0,482.0,576.0,288.0,131.0,247.0,82.0,162.0,183.0,109.0,173.0,121.0,236.0,365.0,311.0,450.0,414.0,317.0,519.0,485.0,412.0,294.0,85.0,94.0,76.0,127.0,65.0,66.0,43.0,45.0,90.0,51.0,73.0,99.0,70.0,63.0,51.0,33.0,81.0,42.0,78.0,63.0,42.0,143.0,191.0,196.0,318.0,173.0,170.0,91.0,229.0,114.0,208.0,167.0,150.0,131.0,166.0,74.0,129.0,219.0,187.0,193.0,217.0,162.0,168.0,135.0,198.0,195.0,176.0,195.0,113.0,143.0,135.0,181.0,88.0,83.0,86.0,158.0,131.0,69.0,61.0
606.0,524.0,391.0,379.0,430.0,458.0,184.0,276.0,389.0,278.0,127.0,121.0,78.0,89.0,121.0,61.0,91.0,117.0,51.0,78.0,93.0,160.0,411.0,443.0,411.0,432.0,265.0,132.0,269.0,220.0,87.0,108.0,57.0,65.0,123.0,105.0,105.0,88.0,66.0,79.0,70.0,70.0,64.0,83.0,43.0,32.0,39.0,84.0,77.0,94.0,121.0,90.0,44.0,68.0,53.0,76.0,43.0,16.0,96.0,47.0,58.0,80.0,98.0,26.0,65.0,76.0,62.0,76.0,132.0,118.0,76.0,99.0,96.0,134.0,131.0,144.0,172.0,175.0,305.0,249.0,289.0,477.0,310.0,317.0,339.0,195.0,400.0,271.0,207.0,368.0,139.0,243.0,195.0,136.0,229.0,117.0,185.0,76.0,31.0,45.0,33.0,74.0,33.0,79.0,86.0,90.0,63.0,31.0,98.0,210.0,112.0,299.0,187.0,120.0,270.0,95.0,180.0,150.0,153.0,187.0,69.0,223.0,143.0,412.0,372.0,353.0,400.0,242.0,326.0,307.0,92.0,190.0,47.0,65.0,39.0,97.0,38.0,47.0,78.0,40.0,54.0,84.0,47.0,52.0,22.0,59.0,51.0,28.0,43.0,49.0,56.0,67.0,135.0,166.0,62.0,188.0,103.0,178.0,81.0,194.0,93.0,162.0,124.0,168.0,214.0,135.0,91.0,90.0,98.0,109.0,44.0,68.0
49.0,30.0,24.0,60.0,26.0,21.0,28.0,45.0,54.0,33.0,37.0,40.0,80.0,52.0,61.0,63.0,43.0,98.0,23.0,71.0,39.0,65.0,66.0,53.0,86.0,61.0,79.0,94.0,58.0,72.0,60.0,58.0,103.0,61.0,82.0,55.0,86.0,78.0,78.0,78.0,86.0,62.0,89.0,59.0,88.0,84.0,35.0,51.0,56.0,55.0,62.0,29.0,45.0,38.0,46.0,69.0,33.0,34.0,37.0,42.0,103.0,40.0,80.0,67.0,60.0,71.0,43.0,46.0,30.0,42.0,47.0,45.0,42.0,23.0,30.0,36.0,30.0,29.0,31.0,39.0,34.0,43.0,67.0,74.0,76.0,57.0,70.0,48.0,35.0,48.0,40.0,67.0,195.0,278.0,176.0,387.0,289.0,282.0,398.0,238.0,314.0,323.0,183.0,272.0,191.0,166.0,230.0,117.0,158.0,54.0,47.0,53.0,52.0,68.0,44.0,87.0,78.0,94.0,34.0,72.0,98.0,70.0,247.0,206.0,283.0,261.0,102.0,229.0,91.0,235.0,101.0,127.0,93.0,44.0,154.0,144.0,313.0,176.0,325.0,168.0,122.0,173.0,145.0,96.0,45.0,55.0,56.0,42.0,62.0,47.0,36.0,64.0,22.0,23.0,55.0,34.0,32.0,50.0,51.0,40.0,40.0,112.0,196.0,152.0,241.0,140.0,312.0,101.0,237.0,146.0,182.0,138.0
70.0,62.0,33.0,31.0,66.0,49.0,41.0,44.0,41.0,23.0,87.0,67.0,54.0,52.0,60.0,36.0,81.0,43.0,44.0,50.0,27.0,49.0,39.0,96.0,58.0,72.0,47.0,103.0,35.0,44.0,54.0,41.0,62.0,62.0,63.0,34.0,100.0,69.0,98.0,55.0,43.0,90.0,42.0,54.0,39.0,37.0,20.0,86.0,45.0,58.0,74.0,68.0,55.0,37.0,49.0,99.0,108.0,74.0,91.0,74.0,47.0,44.0,79.0,87.0,91.0,80.0,91.0,121.0,268.0,339.0,279.0,482.0,282.0,359.0,337.0,261.0,453.0,183.0,293.0,216.0,180.0,205.0,151.0,118.0,55.0,59.0,59.0,43.0,64.0,60.0,62.0,51.0,57.0,74.0,76.0,34.0,71.0,48.0,120.0,217.0,219.0,136.0,175.0,49.0,191.0,57.0,207.0,114.0,171.0,212.0,186.0,330.0,250.0,417.0,370.0,163.0,264.0,158.0,136.0,115.0,85.0,29.0,37.0,83.0,64.0,77.0,28.0,94.0,46.0,73.0,42.0,61.0,69.0,57.0,64.0,52.0,80.0,99.0,132.0,158.0,213.0,226.0,202.0,197.0,153.0,189.0,154.0,189.0,86.0,132.0,84.0,177.0,76.0,145.0,74.0,97.0,83.0,58.0,53.0,122.0,53.0,34.0,100.0,79.0,71.0,69.0,31.0,41.0,61.0,62.0,29.0,53.0
26.0,27.0,30.0,75.0,47.0,53.0,15.0,64.0,53.0,29.0,25.0,40.0,45.0,32.0,42.0,49.0,34.0,64.0,49.0,62.0,55.0,31.0,34.0,23.0,43.0,36.0,55.0,28.0,49.0,60.0,35.0,54.0,71.0,32.0,48.0,72.0,49.0,43.0,44.0,23.0,96.0,39.0,31.0,71.0,79.0,67.0,55.0,72.0,40.0,52.0,88.0,106.0,262.0,179.0,383.0,420.0,289.0,580.0,401.0,351.0,597.0,364.0,303.0,513.0,376.0,193.0,325.0,236.0,174.0,305.0,94.0,252.0,30.0,86.0,63.0,64.0,88.0,75.0,70.0,80.0,57.0,77.0,79.0,41.0,110.0,228.0,203.0,138.0,180.0,57.0,102.0,79.0,131.0,62.0,217.0,89.0,293.0,190.0,272.0,275.0,133.0,286.0,151.0,152.0,34.0,23.0,43.0,33.0,35.0,35.0,38.0,54.0,61.0,63.0,31.0,34.0,32.0,19.0,68.0,19.0,78.0,43.0,41.0,101.0,123.0,170.0,226.0,179.0,237.0,119.0,188.0,106.0,160.0,76.0,143.0,61.0,96.0,62.0,117.0,57.0,134.0,77.0,70.0,99.0,118.0,54.0,81.0,91.0,80.0,74.0,109.0,136.0,70.0,55.0,92.0,85.0,51.0,79.0,48.0,62.0,40.0,55.0,47.0,26.0,49.0,80.0,29.0,55.0,33.0,32.0,80.0,75.0
48.0,43.0,57.0,31.0,23.0,82.0,56.0,29.0,36.0,31.0,66.0,30.0,74.0,39.0,34.0,32.0,16.0,25.0,13.0,37.0,26.0,40.0,44.0,36.0,74.0,23.0,63.0,36.0,73.0,35.0,43.0,27.0,44.0,111.0,39.0,79.0,56.0,30.0,43.0,77.0,46.0,44.0,26.0,33.0,102.0,39.0,34.0,80.0,42.0,54.0,22.0,23.0,44.0,27.0,27.0,41.0,50.0,61.0,24.0,44.0,140.0,86.0,49.0,49.0,70.0,74.0,54.0,101.0,239.0,310.0,372.0,329.0,584.0,435.0,307.0,638.0,435.0,290.0,406.0,374.0,269.0,263.0,234.0,271.0,84.0,206.0,78.0,48.0,37.0,54.0,49.0,33.0,55.0,57.0,87.0,74.0,50.0,34.0,51.0,188.0,290.0,268.0,129.0,267.0,75.0,203.0,147.0,119.0,134.0,101.0,209.0,85.0,388.0,279.0,219.0,319.0,257.0,334.0,206.0,154.0,128.0,36.0,44.0,59.0,53.0,57.0,87.0,69.0,90.0,22.0,38.0,61.0,47.0,29.0,24.0,61.0,51.0,75.0,143.0,178.0,119.0,265.0,66.0,182.0,96.0,219.0,126.0,168.0,93.0,118.0,125.0,97.0,170.0,94.0,159.0,117.0,28.0,112.0,80.0,80.0,75.0,68.0,62.0,61.0,147.0,138.0,46.0,58.0,76.0,54.0,74.0,77.0
33.0,99.0,62.0,86.0,112.0,60.0,79.0,47.0,79.0,55.0,73.0,46.0,52.0,50.0,83.0,73.0,69.0,53.0,76.0,46.0,48.0,41.0,45.0,46.0,82.0,35.0,61.0,46.0,45.0,83.0,42.0,34.0,36.0,38.0,42.0,64.0,62.0,53.0,36.0,175.0,36.0,34.0,58.0,47.0,69.0,57.0,60.0,101.0,33.0,37.0,59.0,104.0,40.0,34.0,48.0,62.0,54.0,61.0,49.0,75.0,50.0,51.0,62.0,81.0,171.0,293.0,350.0,383.0,495.0,395.0,267.0,418.0,350.0,310.0,312.0,224.0,323.0,206.0,175.0,156.0,150.0,125.0,47.0,18.0,59.0,35.0,32.0,81.0,73.0,80.0,64.0,64.0,55.0,110.0,176.0,291.0,241.0,271.0,339.0,136.0,281.0,90.0,174.0,158.0,124.0,135.0,75.0,150.0,105.0,362.0,258.0,284.0,319.0,194.0,343.0,240.0,147.0,153.0,72.0,49.0,35.0,29.0,22.0,39.0,45.0,40.0,48.0,30.0,60.0,123.0,34.0,40.0,66.0,43.0,37.0,57.0,134.0,235.0,95.0,266.0,109.0,149.0,88.0,131.0,70.0,138.0,50.0,146.0,62.0,135.0,80.0,89.0,49.0,93.0,64.0,61.0,38.0,67.0,52.0,66.0,55.0,52.0,63.0,25.0,45.0,40.0,61.0,48.0,52.0,83.0,93.0,98.0
37.0,35.0,36.0,29.0,54.0,28.0,50.0,44.0,62.0,44.0,54.0,63.0,32.0,76.0,79.0,50.0,24.0,57.0,77.0,56.0,93.0,48.0,84.0,56.0,110.0,77.0,66.0,57.0,78.0,62.0,90.0,74.0,53.0,101.0,77.0,67.0,80.0,60.0,99.0,58.0,62.0,58.0,96.0,30.0,32.0,41.0,66.0,53.0,65.0,46.0,74.0,94.0,84.0,65.0,54.0,78.0,47.0,58.0,51.0,47.0,77.0,30.0,21.0,103.0,37.0,51.0,50.0,27.0,44.0,58.0,35.0,80.0,40.0,108.0,69.0,47.0,98.0,87.0,102.0,73.0,140.0,49.0,59.0,123.0,212.0,194.0,474.0,491.0,244.0,460.0,375.0,281.0,357.0,286.0,342.0,283.0,115.0,316.0,159.0,143.0,146.0,61.0,40.0,80.0,71.0,53.0,122.0,135.0,95.0,73.0,156.0,65.0,83.0,94.0,110.0,149.0,205.0,196.0,278.0,189.0,130.0,252.0,93.0,266.0,91.0,111.0,105.0,116.0,99.0,129.0,274.0,160.0,381.0,198.0,246.0,288.0,164.0,214.0,111.0,104.0,62.0,56.0,33.0,56.0,63.0,21.0,39.0,42.0,57.0,33.0,106.0,119.0,56.0,40.0,46.0,38.0,54.0,37.0,84.0,183.0,71.0,289.0,143.0,225.0,160.0,144.0,176.0,119.0,93.0,91.0,145.0,108.0
58.0,41.0,69.0,34.0,19.0,35.0,24.0,64.0,53.0,92.0,37.0,29.0,19.0,39.0,62.0,38.0,50.0,35.0,40.0,65.0,57.0,54.0,32.0,61.0,40.0,33.0,29.0,33.0,32.0,36.0,45.0,36.0,31.0,29.0,36.0,17.0,64.0,30.0,40.0,72.0,20.0,35.0,44.0,75.0,80.0,39.0,37.0,51.0,25.0,31.0,35.0,27.0,46.0,71.0,91.0,69.0,106.0,67.0,30.0,42.0,57.0,38.0,28.0,65.0,44.0,46.0,73.0,46.0,49.0,106.0,330.0,342.0,209.0,385.0,224.0,331.0,292.0,233.0,332.0,221.0,109.0,285.0,99.0,212.0,75.0,62.0,38.0,55.0,46.0,71.0,39.0,35.0,62.0,46.0,52.0,43.0,41.0,51.0,195.0,383.0,249.0,363.0,278.0,99.0,275.0,68.0,235.0,123.0,141.0,107.0,63.0,278.0,216.0,359.0,370.0,322.0,467.0,281.0,306.0,271.0,127.0,294.0,125.0,116.0,122.0,40.0,70.0,63.0,32.0,53.0,22.0,72.0,13.0,61.0,45.0,43.0,53.0,49.0,43.0,27.0,42.0,38.0,47.0,63.0,97.0,198.0,180.0,192.0,218.0,192.0,214.0,105.0,190.0,81.0,236.0,63.0,227.0,135.0,152.0,100.0,186.0,64.0,137.0,85.0,133.0,76.0,66.0,66.0,119.0,33.0,52.0,42.0
84.0,64.0,76.0,30.0,83.0,73.0,149.0,125.0,111.0,46.0,71.0,93.0,32.0,50.0,42.0,90.0,78.0,54.0,89.0,75.0,66.0,33.0,113.0,32.0,46.0,101.0,80.0,34.0,85.0,28.0,59.0,90.0,63.0,93.0,28.0,44.0,75.0,51.0,36.0,38.0,47.0,60.0,40.0,27.0,42.0,97.0,48.0,73.0,38.0,112.0,42.0,60.0,65.0,63.0,25.0,111.0,47.0,97.0,56.0,21.0,44.0,33.0,42.0,85.0,51.0,61.0,48.0,60.0,86.0,27.0,41.0,61.0,27.0,33.0,43.0,79.0,124.0,259.0,266.0,223.0,343.0,165.0,313.0,322.0,190.0,292.0,293.0,158.0,272.0,197.0,197.0,142.0,192.0,97.0,75.0,38.0,94.0,30.0,29.0,83.0,73.0,47.0,41.0,35.0,92.0,231.0,135.0,191.0,150.0,125.0,251.0,65.0,228.0,70.0,169.0,102.0,96.0,54.0,77.0,74.0,117.0,218.0,141.0,297.0,205.0,232.0,256.0,97.0,199.0,75.0,104.0,21.0,37.0,24.0,39.0,41.0,43.0,65.0,57.0,42.0,67.0,39.0,41.0,49.0,21.0,58.0,68.0,40.0,114.0,73.0,161.0,190.0,138.0,189.0,131.0,152.0,144.0,111.0,188.0,85.0,159.0,80.0,174.0,98.0,131.0,67.0,152.0,64.0,104.0,53.0,65.0,103.0
53.0,65.0,44.0,37.0,44.0,71.0,25.0,53.0,69.0,47.0,27.0,41.0,57.0,44.0,38.0,60.0,74.0,70.0,105.0,25.0,44.0,43.0,73.0,82.0,79.0,57.0,52.0,34.0,34.0,49.0,21.0,64.0,39.0,36.0,68.0,27.0,72.0,61.0,34.0,85.0,27.0,18.0,40.0,20.0,39.0,61.0,23.0,48.0,33.0,45.0,73.0,46.0,32.0,33.0,62.0,39.0,67.0,53.0,70.0,58.0,49.0,115.0,101.0,59.0,37.0,22.0,65.0,66.0,71.0,205.0,232.0,357.0,279.0,274.0,420.0,268.0,302.0,424.0,257.0,380.0,379.0,275.0,143.0,314.0,67.0,298.0,79.0,217.0,33.0,40.0,22.0,65.0,115.0,82.0,55.0,61.0,46.0,63.0,49.0,59.0,47.0,181.0,136.0,264.0,124.0,176.0,253.0,53.0,165.0,56.0,101.0,96.0,101.0,236.0,175.0,266.0,206.0,315.0,284.0,220.0,247.0,186.0,189.0,62.0,80.0,26.0,42.0,23.0,46.0,67.0,21.0,58.0,72.0,36.0,57.0,50.0,52.0,46.0,69.0,45.0,56.0,54.0,131.0,36.0,161.0,197.0,99.0,185.0,106.0,194.0,93.0,168.0,68.0,106.0,88.0,150.0,87.0,107.0,84.0,59.0,40.0,51.0,78.0,51.0,75.0,96.0,59.0,65.0,64.0,46.0,78.0,31.0
42.0,17.0,44.0,55.0,138.0,23.0,32.0,71.0,55.0,23.0,31.0,77.0,70.0,57.0,39.0,74.0,35.0,38.0,32.0,40.0,38.0,45.0,29.0,25.0,30.0,38.0,83.0,15.0,19.0,43.0,36.0,52.0,37.0,38.0,32.0,44.0,34.0,49.0,76.0,73.0,27.0,60.0,47.0,63.0,50.0,60.0,63.0,34.0,45.0,40.0,52.0,50.0,38.0,53.0,56.0,70.0,33.0,72.0,177.0,152.0,77.0,57.0,29.0,30.0,78.0,87.0,100.0,170.0,165.0,271.0,313.0,144.0,365.0,315.0,212.0,376.0,236.0,274.0,281.0,174.0,295.0,159.0,184.0,137.0,125.0,127.0,66.0,64.0,72.0,52.0,90.0,60.0,48.0,62.0,82.0,121.0,99.0,219.0,228.0,162.0,252.0,132.0,273.0,160.0,143.0,147.0,134.0,135.0,49.0,202.0,113.0,239.0,117.0,177.0,239.0,197.0,237.0,252.0,120.0,153.0,68.0,150.0,79.0,73.0,83.0,65.0,43.0,55.0,43.0,86.0,48.0,16.0,24.0,33.0,66.0,42.0,71.0,43.0,43.0,97.0,102.0,218.0,124.0,246.0,73.0,186.0,159.0,168.0,91.0,146.0,167.0,146.0,101.0,107.0,99.0,143.0,105.0,72.0,138.0,129.0,101.0,87.0,88.0,109.0,41.0,95.0,71.0,55.0,36.0,40.0,51.0,36.0
35.0,33.0,39.0,59.0,37.0,66.0,78.0,92.0,72.0,59.0,78.0,85.0,60.0,85.0,51.0,72.0,56.0,59.0,60.0,55.0,138.0,120.0,41.0,49.0,69.0,23.0,83.0,47.0,37.0,104.0,56.0,36.0,112.0,115.0,37.0,83.0,111.0,19.0,48.0,60.0,62.0,52.0,39.0,107.0,64.0,22.0,61.0,63.0,42.0,136.0,97.0,69.0,35.0,71.0,45.0,55.0,35.0,46.0,83.0,205.0,182.0,209.0,336.0,256.0,349.0,334.0,214.0,385.0,218.0,251.0,243.0,136.0,317.0,126.0,132.0,53.0,129.0,32.0,35.0,36.0,81.0,37.0,46.0,46.0,74.0,118.0,193.0,145.0,358.0,296.0,243.0,370.0,259.0,285.0,260.0,96.0,197.0,91.0,152.0,172.0,141.0,274.0,172.0,357.0,306.0,222.0,307.0,187.0,182.0,272.0,66.0,116.0,54.0,36.0,33.0,59.0,43.0,65.0,25.0,62.0,50.0,50.0,55.0,53.0,34.0,41.0,48.0,67.0,54.0,51.0,26.0,76.0,167.0,123.0,154.0,106.0,184.0,89.0,191.0,110.0,241.0,114.0,123.0,103.0,75.0,97.0,142.0,103.0,154.0,91.0,146.0,81.0,125.0,222.0,98.0,109.0,71.0,78.0,73.0,75.0,59.0,96.0,38.0,49.0,104.0,39.0,36.0,43.0,66.0,49.0,62.0,82.0
28.0,47.0,36.0,42.0,36.0,36.0,53.0,34.0,63.0,63.0,14.0,31.0,59.0,34.0,26.0,28.0,55.0,32.0,35.0,33.0,22.0,46.0,24.0,45.0,33.0,42.0,78.0,57.0,38.0,52.0,44.0,65.0,35.0,28.0,39.0,38.0,30.0,63.0,51.0,64.0,47.0,59.0,16.0,22.0,41.0,35.0,27.0,62.0,27.0,38.0,18.0,59.0,24.0,102.0,95.0,90.0,30.0,54.0,65.0,37.0,46.0,48.0,16.0,42.0,72.0,55.0,46.0,87.0,35.0,93.0,33.0,37.0,83.0,152.0,79.0,82.0,34.0,64.0,73.0,85.0,49.0,54.0,42.0,109.0,185.0,164.0,290.0,250.0,216.0,350.0,239.0,416.0,265.0,295.0,358.0,234.0,347.0,350.0,187.0,279.0,106.0,216.0,62.0,153.0,54.0,29.0,110.0,37.0,54.0,40.0,37.0,63.0,121.0,102.0,154.0,143.0,153.0,225.0,102.0,197.0,90.0,213.0,95.0,118.0,99.0,62.0,85.0,129.0,118.0,121.0,175.0,144.0,268.0,199.0,271.0,244.0,145.0,217.0,80.0,103.0,88.0,44.0,83.0,37.0,43.0,49.0,56.0,69.0,60.0,76.0,57.0,60.0,48.0,55.0,41.0,51.0,51.0,95.0,44.0,87.0,125.0,143.0,183.0,112.0,161.0,90.0,127.0,65.0,137.0,91.0,100.0,77.0
37.0,31.0,30.0,40.0,34.0,25.0,23.0,37.0,25.0,42.0,85.0,35.0,37.0,29.0,101.0,38.0,37.0,31.0,62.0,40.0,78.0,71.0,60.0,89.0,67.0,48.0,55.0,74.0,59.0,83.0,90.0,31.0,44.0,59.0,84.0,103.0,44.0,30.0,90.0,41.0,72.0,41.0,43.0,35.0,67.0,49.0,94.0,71.0,38.0,55.0,31.0,74.0,49.0,85.0,84.0,71.0,35.0,57.0,94.0,110.0,47.0,114.0,69.0,115.0,198.0,200.0,222.0,212.0,349.0,213.0,327.0,228.0,293.0,319.0,176.0,290.0,152.0,161.0,121.0,137.0,111.0,58.0,83.0,50.0,34.0,72.0,33.0,55.0,62.0,115.0,164.0,142.0,160.0,189.0,95.0,187.0,148.0,168.0,43.0,114.0,81.0,51.0,94.0,100.0,104.0,109.0,188.0,192.0,297.0,188.0,198.0,237.0,90.0,183.0,77.0,94.0,64.0,89.0,62.0,45.0,32.0,55.0,42.0,42.0,66.0,43.0,26.0,29.0,41.0,43.0,85.0,63.0,22.0,24.0,42.0,26.0,128.0,130.0,117.0,189.0,135.0,174.0,99.0,197.0,92.0,130.0,114.0,137.0,124.0,130.0,130.0,119.0,152.0,111.0,150.0,155.0,82.0,99.0,97.0,66.0,48.0,45.0,25.0,34.0,46.0,52.0,22.0,33.0,44.0,41.0,22.0,44.0
43.0,70.0,35.0,56.0,56.0,70.0,43.0,39.0,58.0,36.0,55.0,46.0,45.0,35.0,51.0,43.0,57.0,51.0,104.0,44.0,108.0,59.0,40.0,44.0,28.0,67.0,37.0,47.0,58.0,23.0,52.0,85.0,82.0,81.0,67.0,116.0,66.0,46.0,64.0,80.0,66.0,40.0,63.0,32.0,77.0,297.0,224.0,695.0,389.0,387.0,642.0,442.0,364.0,623.0,411.0,349.0,441.0,307.0,127.0,314.0,151.0,193.0,51.0,33.0,64.0,79.0,53.0,46.0,47.0,48.0,53.0,88.0,60.0,63.0,28.0,35.0,212.0,352.0,191.0,338.0,206.0,194.0,150.0,131.0,196.0,52.0,211.0,96.0,304.0,206.0,378.0,430.0,257.0,355.0,187.0,248.0,108.0,104.0,73.0,76.0,78.0,33.0,80.0,45.0,42.0,60.0,32.0,25.0,54.0,37.0,39.0,60.0,27.0,54.0,33.0,34.0,70.0,48.0,93.0,136.0,166.0,209.0,183.0,231.0,93.0,183.0,121.0,228.0,90.0,152.0,105.0,145.0,86.0,118.0,87.0,142.0,62.0,150.0,95.0,128.0,94.0,162.0,84.0,154.0,77.0,128.0,86.0,61.0,62.0,44.0,57.0,39.0,62.0,47.0,28.0,46.0,17.0,31.0,37.0,56.0,41.0,24.0,31.0,21.0,32.0,31.0,29.0,41.0,31.0,28.0,23.0,56.0
25.0,29.0,29.0,29.0,51.0,14.0,41.0,42.0,51.0,25.0,27.0,73.0,28.0,42.0,78.0,40.0,39.0,54.0,38.0,36.0,28.0,73.0,28.0,65.0,48.0,36.0,31.0,82.0,43.0,23.0,34.0,29.0,58.0,61.0,107.0,45.0,38.0,53.0,60.0,27.0,62.0,42.0,94.0,31.0,38.0,34.0,19.0,75.0,61.0,25.0,68.0,36.0,48.0,46.0,23.0,39.0,53.0,54.0,40.0,56.0,29.0,26.0,41.0,41.0,33.0,24.0,52.0,95.0,61.0,65.0,81.0,72.0,51.0,67.0,73.0,70.0,57.0,385.0,363.0,290.0,541.0,304.0,439.0,522.0,419.0,346.0,525.0,396.0,320.0,295.0,346.0,110.0,339.0,105.0,177.0,42.0,36.0,35.0,77.0,33.0,80.0,57.0,67.0,55.0,56.0,85.0,31.0,96.0,260.0,247.0,367.0,313.0,161.0,321.0,133.0,204.0,168.0,154.0,85.0,146.0,153.0,74.0,241.0,141.0,319.0,213.0,296.0,312.0,185.0,338.0,172.0,238.0,129.0,153.0,81.0,91.0,43.0,43.0,27.0,39.0,35.0,29.0,27.0,42.0,61.0,22.0,96.0,38.0,29.0,36.0,59.0,63.0,46.0,26.0,150.0,187.0,141.0,186.0,69.0,241.0,112.0,167.0,126.0,172.0,128.0,154.0,168.0,147.0,203.0,147.0,96.0,113.0
39.0,57.0,36.0,44.0,58.0,36.0,65.0,24.0,44.0,33.0,77.0,38.0,46.0,35.0,45.0,93.0,28.0,68.0,86.0,24.0,24.0,31.0,25.0,46.0,33.0,43.0,32.0,77.0,42.0,25.0,41.0,59.0,36.0,20.0,43.0,37.0,30.0,25.0,23.0,39.0,55.0,50.0,27.0,52.0,34.0,65.0,15.0,38.0,21.0,52.0,29.0,66.0,26.0,57.0,18.0,62.0,17.0,44.0,34.0,92.0,74.0,110.0,79.0,66.0,108.0,59.0,119.0,43.0,76.0,43.0,62.0,81.0,54.0,51.0,53.0,284.0,356.0,355.0,599.0,510.0,369.0,383.0,354.0,316.0,379.0,296.0,315.0,290.0,135.0,341.0,127.0,205.0,66.0,140.0,46.0,45.0,43.0,50.0,43.0,62.0,79.0,45.0,34.0,45.0,119.0,218.0,299.0,255.0,337.0,273.0,158.0,245.0,78.0,245.0,85.0,150.0,167.0,201.0,289.0,266.0,327.0,294.0,447.0,294.0,250.0,347.0,163.0,328.0,80.0,171.0,86.0,41.0,115.0,80.0,45.0,44.0,28.0,53.0,79.0,21.0,40.0,30.0,28.0,18.0,51.0,33.0,24.0,66.0,19.0,35.0,85.0,156.0,58.0,243.0,158.0,191.0,122.0,152.0,142.0,147.0,92.0,150.0,70.0,196.0,88.0,204.0,88.0,114.0,77.0,187.0,54.0,135.0
50.0,54.0,29.0,58.0,34.0,55.0,29.0,42.0,43.0,50.0,44.0,65.0,73.0,23.0,34.0,70.0,68.0,77.0,39.0,31.0,18.0,36.0,35.0,42.0,72.0,37.0,29.0,64.0,98.0,84.0,61.0,47.0,25.0,21.0,15.0,41.0,47.0,29.0,46.0,30.0,28.0,26.0,47.0,75.0,84.0,19.0,48.0,45.0,32.0,34.0,36.0,47.0,64.0,88.0,101.0,41.0,43.0,90.0,84.0,30.0,59.0,36.0,49.0,63.0,252.0,258.0,197.0,418.0,451.0,221.0,421.0,443.0,271.0,434.0,322.0,185.0,329.0,160.0,406.0,69.0,206.0,79.0,46.0,29.0,64.0,90.0,73.0,71.0,58.0,63.0,49.0,34.0,69.0,152.0,287.0,245.0,163.0,339.0,68.0,205.0,100.0,189.0,126.0,204.0,135.0,67.0,92.0,131.0,253.0,166.0,373.0,271.0,320.0,286.0,185.0,302.0,117.0,331.0,112.0,207.0,64.0,122.0,58.0,54.0,37.0,68.0,32.0,37.0,38.0,56.0,61.0,42.0,28.0,77.0,69.0,35.0,27.0,109.0,205.0,209.0,155.0,229.0,220.0,193.0,134.0,168.0,101.0,210.0,192.0,165.0,148.0,134.0,148.0,157.0,179.0,177.0,103.0,198.0,79.0,123.0,70.0,128.0,111.0,34.0,84.0,51.0,77.0,53.0,58.0,42.0,81.0,45.0
43.0,45.0,61.0,56.0,35.0,44.0,24.0,52.0,38.0,79.0,19.0,31.0,38.0,29.0,41.0,46.0,49.0,55.0,55.0,38.0,27.0,27.0,43.0,72.0,41.0,37.0,22.0,23.0,35.0,29.0,70.0,38.0,62.0,57.0,33.0,60.0,62.0,74.0,34.0,19.0,134.0,39.0,26.0,53.0,39.0,23.0,44.0,30.0,62.0,48.0,22.0,79.0,78.0,60.0,39.0,68.0,64.0,48.0,46.0,71.0,54.0,104.0,58.0,110.0,187.0,201.0,403.0,313.0,392.0,515.0,422.0,640.0,286.0,488.0,338.0,249.0,360.0,126.0,279.0,188.0,208.0,149.0,155.0,93.0,27.0,43.0,46.0,40.0,63.0,62.0,59.0,61.0,84.0,73.0,49.0,63.0,145.0,146.0,152.0,244.0,114.0,239.0,115.0,252.0,106.0,134.0,119.0,87.0,179.0,207.0,282.0,205.0,305.0,169.0,304.0,203.0,201.0,186.0,127.0,143.0,100.0,19.0,41.0,35.0,35.0,56.0,36.0,84.0,49.0,36.0,36.0,57.0,96.0,57.0,23.0,47.0,37.0,64.0,64.0,65.0,67.0,73.0,162.0,66.0,255.0,69.0,123.0,91.0,111.0,55.0,159.0,73.0,148.0,119.0,35.0,55.0,135.0,125.0,121.0,97.0,80.0,97.0,53.0,53.0,54.0,35.0,54.0,43.0,83.0,41.0,90.0,71.0
71.0,40.0,26.0,20.0,56.0,54.0,72.0,24.0,22.0,62.0,22.0,38.0,26.0,25.0,69.0,69.0,37.0,43.0,40.0,64.0,36.0,27.0,33.0,31.0,47.0,21.0,17.0,23.0,28.0,90.0,10.0,28.0,19.0,42.0,28.0,48.0,35.0,44.0,37.0,43.0,41.0,66.0,49.0,33.0,59.0,39.0,32.0,44.0,34.0,79.0,28.0,38.0,115.0,26.0,153.0,122.0,55.0,59.0,43.0,89.0,40.0,84.0,97.0,193.0,289.0,143.0,396.0,379.0,237.0,517.0,252.0,520.0,412.0,320.0,435.0,244.0,405.0,171.0,97.0,320.0,147.0,210.0,46.0,120.0,55.0,43.0,29.0,46.0,51.0,72.0,46.0,58.0,34.0,55.0,139.0,211.0,245.0,130.0,283.0,77.0,243.0,83.0,197.0,113.0,179.0,97.0,85.0,60.0,167.0,85.0,204.0,234.0,184.0,310.0,111.0,234.0,116.0,201.0,35.0,58.0,22.0,74.0,68.0,36.0,49.0,33.0,23.0,80.0,46.0,47.0,106.0,82.0,38.0,59.0,95.0,54.0,55.0,55.0,109.0,126.0,249.0,75.0,230.0,98.0,116.0,114.0,182.0,96.0,111.0,78.0,156.0,134.0,68.0,152.0,103.0,94.0,59.0,164.0,56.0,165.0,45.0,134.0,64.0,57.0,36.0,65.0,63.0,31.0,30.0,46.0,66.0,51.0
91.0,48.0,36.0,33.0,29.0,29.0,66.0,60.0,78.0,96.0,51.0,44.0,66.0,69.0,47.0,46.0,44.0,39.0,38.0,44.0,48.0,48.0,29.0,23.0,39.0,40.0,55.0,47.0,19.0,71.0,38.0,84.0,57.0,126.0,31.0,66.0,47.0,64.0,43.0,15.0,32.0,48.0,82.0,29.0,34.0,35.0,37.0,43.0,24.0,33.0,46.0,63.0,36.0,82.0,32.0,52.0,83.0,66.0,60.0,37.0,25.0,35.0,31.0,68.0,25.0,73.0,29.0,87.0,28.0,57.0,21.0,45.0,51.0,58.0,35.0,142.0,141.0,115.0,85.0,71.0,64.0,55.0,27.0,79.0,55.0,83.0,246.0,189.0,495.0,349.0,407.0,422.0,298.0,537.0,349.0,371.0,323.0,176.0,256.0,97.0,197.0,71.0,123.0,39.0,50.0,69.0,30.0,49.0,36.0,58.0,65.0,67.0,80.0,61.0,85.0,165.0,237.0,180.0,292.0,211.0,332.0,135.0,196.0,155.0,98.0,157.0,91.0,140.0,157.0,234.0,138.0,240.0,60.0,262.0,81.0,83.0,73.0,62.0,35.0,70.0,38.0,65.0,94.0,106.0,56.0,47.0,73.0,68.0,36.0,39.0,59.0,70.0,51.0,69.0,74.0,38.0,65.0,171.0,177.0,160.0,178.0,149.0,124.0,237.0,141.0,115.0,149.0,120.0,135.0,92.0,191.0,27.0
