28.0,39.0,32.0,65.0,26.0,36.0,19.0,36.0,53.0,73.0,32.0,52.0,41.0,47.0,74.0,90.0,33.0,87.0,71.0,37.0,110.0,89.0,120.0,89.0,103.0,54.0,36.0,74.0,75.0,26.0,80.0,48.0,44.0,24.0,51.0,25.0,25.0,54.0,90.0,42.0,23.0,36.0,44.0,49.0,46.0,51.0,68.0,25.0,44.0,92.0,47.0,52.0,42.0,62.0,50.0,48.0,49.0,26.0,67.0,27.0,44.0,100.0,41.0,202.0,289.0,463.0,429.0,337.0,627.0,549.0,443.0,649.0,452.0,594.0,569.0,453.0,664.0,480.0,424.0,677.0,501.0,493.0,658.0,443.0,529.0,488.0,319.0,523.0,320.0,413.0,370.0,244.0,396.0,206.0,355.0,222.0,285.0,282.0,182.0,257.0,144.0,227.0,137.0,188.0,148.0,179.0,112.0,217.0,106.0,166.0,74.0,195.0,95.0,116.0,68.0,133.0,73.0,102.0,84.0,96.0,34.0,73.0,63.0,56.0,31.0,24.0,51.0,74.0,39.0,73.0,44.0,57.0,52.0,36.0,44.0,49.0,97.0,66.0,55.0,62.0,72.0,74.0,46.0,60.0,67.0,26.0,24.0,48.0,33.0,47.0,49.0,30.0,65.0,26.0,42.0,30.0,49.0,43.0,68.0,79.0,31.0,55.0,39.0,97.0,37.0,54.0,38.0,52.0,78.0,44.0,43.0,27.0
55.0,63.0,53.0,45.0,38.0,27.0,62.0,94.0,77.0,50.0,48.0,83.0,49.0,39.0,71.0,57.0,54.0,99.0,27.0,77.0,50.0,61.0,31.0,31.0,48.0,37.0,45.0,39.0,52.0,57.0,48.0,37.0,89.0,56.0,22.0,65.0,28.0,23.0,63.0,43.0,50.0,32.0,106.0,23.0,27.0,29.0,71.0,40.0,89.0,38.0,27.0,48.0,41.0,43.0,47.0,33.0,98.0,162.0,200.0,122.0,273.0,312.0,272.0,420.0,364.0,347.0,481.0,355.0,264.0,467.0,408.0,294.0,473.0,279.0,344.0,304.0,200.0,298.0,255.0,188.0,194.0,191.0,210.0,199.0,236.0,237.0,161.0,204.0,121.0,235.0,103.0,217.0,110.0,241.0,122.0,199.0,157.0,195.0,88.0,190.0,144.0,83.0,105.0,113.0,45.0,130.0,57.0,119.0,48.0,85.0,43.0,41.0,39.0,42.0,30.0,49.0,54.0,41.0,22.0,40.0,43.0,27.0,47.0,75.0,42.0,61.0,35.0,33.0,44.0,54.0,18.0,37.0,42.0,41.0,38.0,28.0,82.0,29.0,29.0,68.0,35.0,61.0,41.0,63.0,21.0,45.0,60.0,17.0,52.0,42.0,28.0,23.0,65.0,86.0,32.0,98.0,26.0,44.0,38.0,25.0,37.0,61.0,18.0,58.0,43.0,38.0,36.0,19.0,33.0,40.0,55.0,53.0
28.0,18.0,51.0,44.0,18.0,80.0,40.0,26.0,30.0,12.0,48.0,27.0,49.0,29.0,43.0,28.0,70.0,28.0,36.0,24.0,31.0,51.0,46.0,31.0,52.0,22.0,20.0,34.0,25.0,19.0,45.0,24.0,33.0,42.0,69.0,43.0,38.0,25.0,61.0,24.0,66.0,57.0,24.0,55.0,40.0,32.0,33.0,23.0,38.0,42.0,18.0,73.0,28.0,83.0,29.0,49.0,18.0,64.0,52.0,51.0,42.0,30.0,24.0,28.0,27.0,22.0,44.0,29.0,19.0,78.0,211.0,129.0,402.0,384.0,362.0,511.0,302.0,333.0,324.0,218.0,407.0,193.0,336.0,281.0,213.0,362.0,200.0,330.0,303.0,232.0,293.0,183.0,346.0,142.0,283.0,245.0,208.0,241.0,185.0,176.0,172.0,274.0,141.0,248.0,140.0,200.0,111.0,224.0,150.0,187.0,75.0,129.0,63.0,89.0,59.0,84.0,95.0,60.0,112.0,105.0,117.0,44.0,34.0,35.0,26.0,64.0,55.0,59.0,58.0,78.0,49.0,55.0,28.0,50.0,38.0,55.0,80.0,50.0,41.0,45.0,56.0,52.0,70.0,99.0,45.0,24.0,52.0,37.0,28.0,22.0,39.0,51.0,26.0,53.0,35.0,50.0,30.0,34.0,46.0,18.0,39.0,66.0,36.0,38.0,37.0,64.0,33.0,64.0,30.0,38.0,36.0,84.0
68.0,81.0,28.0,38.0,18.0,45.0,83.0,27.0,62.0,25.0,29.0,38.0,21.0,30.0,24.0,21.0,36.0,36.0,31.0,30.0,68.0,27.0,56.0,56.0,48.0,21.0,61.0,46.0,14.0,30.0,35.0,41.0,23.0,63.0,36.0,34.0,38.0,25.0,30.0,46.0,42.0,51.0,26.0,42.0,51.0,38.0,61.0,28.0,73.0,20.0,36.0,38.0,24.0,18.0,22.0,42.0,19.0,36.0,34.0,44.0,19.0,38.0,25.0,26.0,50.0,27.0,56.0,39.0,69.0,43.0,51.0,47.0,39.0,46.0,185.0,278.0,195.0,280.0,280.0,244.0,358.0,188.0,289.0,272.0,236.0,301.0,200.0,269.0,257.0,206.0,302.0,153.0,315.0,147.0,241.0,187.0,127.0,213.0,111.0,176.0,116.0,187.0,127.0,167.0,100.0,186.0,129.0,196.0,119.0,191.0,141.0,162.0,110.0,187.0,66.0,181.0,100.0,115.0,68.0,144.0,94.0,118.0,83.0,180.0,90.0,123.0,43.0,80.0,81.0,59.0,81.0,83.0,23.0,71.0,43.0,47.0,35.0,116.0,50.0,27.0,43.0,62.0,31.0,38.0,22.0,46.0,73.0,91.0,53.0,49.0,53.0,40.0,53.0,38.0,29.0,26.0,99.0,43.0,22.0,58.0,21.0,33.0,77.0,22.0,63.0,39.0,28.0,26.0,31.0,36.0,45.0,74.0
39.0,14.0,51.0,19.0,18.0,32.0,68.0,24.0,58.0,24.0,34.0,44.0,24.0,29.0,38.0,44.0,30.0,41.0,51.0,30.0,20.0,25.0,60.0,34.0,30.0,24.0,16.0,20.0,47.0,53.0,34.0,37.0,30.0,28.0,21.0,29.0,14.0,44.0,52.0,45.0,60.0,42.0,61.0,57.0,26.0,39.0,17.0,21.0,27.0,34.0,89.0,46.0,42.0,40.0,70.0,57.0,64.0,44.0,60.0,67.0,35.0,53.0,38.0,31.0,40.0,37.0,56.0,56.0,25.0,41.0,32.0,51.0,54.0,75.0,44.0,60.0,50.0,38.0,47.0,171.0,158.0,371.0,304.0,251.0,287.0,232.0,291.0,297.0,221.0,259.0,226.0,312.0,209.0,256.0,211.0,201.0,291.0,207.0,254.0,244.0,177.0,247.0,160.0,273.0,144.0,213.0,188.0,211.0,213.0,178.0,224.0,157.0,197.0,116.0,224.0,121.0,171.0,123.0,137.0,144.0,158.0,92.0,139.0,128.0,135.0,131.0,54.0,125.0,82.0,89.0,76.0,49.0,31.0,76.0,73.0,73.0,12.0,72.0,171.0,100.0,140.0,49.0,99.0,34.0,46.0,49.0,23.0,53.0,58.0,76.0,23.0,28.0,64.0,34.0,68.0,97.0,40.0,52.0,45.0,54.0,79.0,76.0,32.0,39.0,11.0,43.0,51.0,35.0,44.0,30.0,52.0,45.0
64.0,56.0,108.0,48.0,61.0,31.0,86.0,33.0,20.0,72.0,45.0,31.0,61.0,60.0,30.0,39.0,33.0,42.0,51.0,36.0,27.0,56.0,38.0,38.0,70.0,34.0,56.0,46.0,39.0,51.0,37.0,33.0,47.0,39.0,73.0,49.0,21.0,40.0,47.0,23.0,43.0,45.0,102.0,80.0,40.0,29.0,41.0,37.0,26.0,65.0,24.0,35.0,61.0,66.0,39.0,28.0,29.0,39.0,66.0,25.0,65.0,227.0,137.0,317.0,345.0,328.0,454.0,288.0,437.0,407.0,298.0,421.0,290.0,280.0,334.0,245.0,358.0,255.0,284.0,290.0,190.0,326.0,179.0,369.0,194.0,209.0,190.0,210.0,189.0,160.0,153.0,109.0,176.0,132.0,202.0,155.0,213.0,162.0,169.0,171.0,141.0,170.0,75.0,123.0,94.0,116.0,70.0,65.0,71.0,56.0,139.0,80.0,119.0,38.0,96.0,58.0,38.0,73.0,76.0,59.0,53.0,39.0,35.0,62.0,20.0,54.0,56.0,20.0,55.0,45.0,37.0,50.0,40.0,102.0,20.0,23.0,46.0,41.0,55.0,72.0,28.0,39.0,25.0,25.0,85.0,27.0,28.0,29.0,32.0,55.0,76.0,42.0,27.0,50.0,47.0,44.0,57.0,40.0,61.0,54.0,41.0,33.0,45.0,62.0,35.0,38.0,40.0,32.0,42.0,95.0,37.0,15.0
36.0,34.0,62.0,26.0,28.0,28.0,41.0,32.0,48.0,72.0,53.0,48.0,36.0,31.0,18.0,45.0,52.0,30.0,43.0,45.0,66.0,98.0,56.0,14.0,19.0,19.0,41.0,65.0,23.0,33.0,52.0,37.0,33.0,35.0,39.0,107.0,44.0,15.0,31.0,25.0,26.0,69.0,33.0,88.0,52.0,46.0,50.0,35.0,28.0,74.0,50.0,47.0,14.0,36.0,30.0,25.0,26.0,50.0,71.0,39.0,72.0,58.0,14.0,16.0,40.0,31.0,57.0,11.0,43.0,30.0,40.0,48.0,36.0,41.0,36.0,50.0,48.0,37.0,71.0,118.0,283.0,189.0,353.0,281.0,268.0,498.0,377.0,347.0,445.0,278.0,443.0,377.0,254.0,464.0,179.0,336.0,351.0,258.0,453.0,242.0,307.0,294.0,217.0,308.0,146.0,331.0,256.0,197.0,240.0,196.0,211.0,163.0,240.0,148.0,209.0,143.0,202.0,154.0,224.0,132.0,189.0,119.0,179.0,136.0,133.0,139.0,162.0,174.0,74.0,156.0,66.0,79.0,73.0,44.0,88.0,76.0,33.0,82.0,102.0,30.0,122.0,104.0,38.0,88.0,35.0,33.0,28.0,33.0,35.0,46.0,80.0,45.0,30.0,53.0,29.0,54.0,69.0,40.0,40.0,27.0,47.0,25.0,51.0,17.0,63.0,100.0,61.0,31.0,50.0,32.0,77.0,74.0
49.0,30.0,40.0,57.0,52.0,31.0,59.0,49.0,19.0,32.0,33.0,69.0,47.0,51.0,30.0,47.0,67.0,29.0,44.0,49.0,52.0,55.0,23.0,37.0,46.0,31.0,62.0,31.0,44.0,35.0,20.0,64.0,49.0,66.0,50.0,51.0,75.0,22.0,57.0,56.0,54.0,19.0,45.0,55.0,46.0,27.0,40.0,50.0,39.0,35.0,41.0,21.0,40.0,32.0,38.0,57.0,31.0,51.0,26.0,71.0,42.0,38.0,62.0,49.0,24.0,54.0,16.0,38.0,75.0,59.0,44.0,37.0,35.0,31.0,164.0,202.0,293.0,319.0,413.0,274.0,423.0,253.0,331.0,391.0,271.0,472.0,265.0,316.0,315.0,197.0,407.0,248.0,279.0,337.0,223.0,340.0,209.0,376.0,244.0,280.0,282.0,172.0,262.0,141.0,255.0,139.0,272.0,145.0,228.0,116.0,228.0,109.0,194.0,129.0,142.0,131.0,84.0,142.0,71.0,135.0,96.0,196.0,89.0,77.0,57.0,66.0,29.0,47.0,150.0,113.0,46.0,39.0,69.0,71.0,51.0,43.0,79.0,74.0,44.0,99.0,42.0,49.0,45.0,80.0,19.0,64.0,54.0,37.0,28.0,30.0,38.0,42.0,65.0,44.0,17.0,37.0,46.0,54.0,22.0,38.0,22.0,39.0,41.0,34.0,40.0,66.0,69.0,44.0,48.0,26.0,24.0,66.0
48.0,25.0,26.0,39.0,62.0,17.0,19.0,35.0,66.0,60.0,32.0,41.0,83.0,83.0,36.0,65.0,34.0,19.0,32.0,40.0,40.0,35.0,87.0,30.0,29.0,26.0,27.0,58.0,76.0,12.0,51.0,43.0,29.0,45.0,40.0,82.0,34.0,20.0,53.0,19.0,49.0,46.0,44.0,22.0,66.0,40.0,31.0,62.0,68.0,34.0,34.0,32.0,54.0,64.0,78.0,50.0,79.0,51.0,50.0,56.0,139.0,166.0,155.0,296.0,189.0,246.0,430.0,269.0,356.0,330.0,277.0,446.0,304.0,359.0,323.0,264.0,395.0,331.0,235.0,331.0,245.0,317.0,237.0,198.0,280.0,191.0,236.0,184.0,194.0,173.0,142.0,216.0,160.0,137.0,107.0,152.0,103.0,186.0,123.0,162.0,93.0,201.0,138.0,110.0,101.0,161.0,83.0,121.0,95.0,77.0,143.0,72.0,84.0,66.0,96.0,56.0,147.0,27.0,79.0,50.0,77.0,87.0,42.0,40.0,63.0,50.0,33.0,44.0,91.0,22.0,28.0,45.0,98.0,36.0,22.0,36.0,59.0,58.0,36.0,33.0,71.0,31.0,50.0,25.0,76.0,62.0,38.0,67.0,88.0,38.0,43.0,30.0,32.0,47.0,73.0,18.0,63.0,75.0,82.0,53.0,41.0,31.0,28.0,50.0,36.0,67.0,38.0,42.0,23.0,54.0,51.0,29.0
46.0,43.0,36.0,27.0,42.0,25.0,49.0,33.0,31.0,29.0,20.0,37.0,74.0,19.0,31.0,43.0,46.0,32.0,68.0,56.0,26.0,47.0,82.0,53.0,39.0,39.0,40.0,15.0,33.0,104.0,40.0,46.0,37.0,38.0,30.0,18.0,20.0,69.0,88.0,38.0,18.0,51.0,27.0,22.0,30.0,64.0,64.0,58.0,66.0,42.0,22.0,26.0,67.0,49.0,24.0,33.0,88.0,22.0,40.0,33.0,28.0,60.0,67.0,198.0,197.0,172.0,287.0,222.0,272.0,238.0,163.0,208.0,194.0,232.0,214.0,214.0,231.0,170.0,296.0,183.0,243.0,184.0,191.0,188.0,113.0,170.0,117.0,133.0,92.0,126.0,101.0,123.0,107.0,127.0,118.0,143.0,105.0,157.0,92.0,194.0,88.0,145.0,93.0,141.0,75.0,122.0,112.0,115.0,116.0,74.0,108.0,80.0,101.0,65.0,40.0,29.0,66.0,69.0,52.0,37.0,57.0,108.0,84.0,57.0,34.0,28.0,76.0,33.0,30.0,25.0,71.0,33.0,62.0,63.0,20.0,45.0,42.0,31.0,29.0,74.0,122.0,33.0,99.0,63.0,110.0,18.0,39.0,31.0,62.0,64.0,64.0,29.0,22.0,33.0,32.0,35.0,24.0,37.0,17.0,57.0,62.0,27.0,36.0,51.0,33.0,32.0,35.0,48.0,35.0,30.0,53.0,40.0
46.0,32.0,54.0,35.0,47.0,27.0,45.0,56.0,44.0,42.0,72.0,48.0,37.0,52.0,52.0,38.0,66.0,38.0,36.0,56.0,31.0,34.0,47.0,81.0,48.0,55.0,37.0,44.0,28.0,37.0,41.0,63.0,22.0,43.0,52.0,16.0,36.0,97.0,63.0,25.0,22.0,46.0,39.0,30.0,47.0,17.0,48.0,46.0,61.0,39.0,79.0,28.0,34.0,43.0,39.0,34.0,28.0,38.0,15.0,61.0,50.0,40.0,36.0,41.0,110.0,47.0,23.0,32.0,42.0,17.0,38.0,52.0,70.0,175.0,114.0,255.0,194.0,308.0,282.0,203.0,356.0,221.0,213.0,251.0,204.0,281.0,225.0,233.0,219.0,161.0,226.0,163.0,258.0,174.0,144.0,159.0,140.0,153.0,132.0,115.0,108.0,128.0,88.0,150.0,103.0,103.0,113.0,166.0,96.0,156.0,94.0,112.0,100.0,133.0,74.0,98.0,76.0,115.0,82.0,77.0,98.0,91.0,93.0,84.0,82.0,34.0,35.0,25.0,106.0,52.0,47.0,65.0,32.0,64.0,57.0,92.0,28.0,30.0,78.0,21.0,79.0,86.0,63.0,64.0,33.0,22.0,37.0,17.0,30.0,18.0,24.0,24.0,70.0,43.0,39.0,54.0,49.0,27.0,97.0,22.0,28.0,20.0,59.0,16.0,43.0,51.0,19.0,33.0,49.0,61.0,36.0,29.0
26.0,26.0,25.0,39.0,57.0,64.0,26.0,46.0,35.0,47.0,34.0,37.0,21.0,57.0,73.0,33.0,34.0,56.0,8.0,24.0,60.0,72.0,23.0,70.0,38.0,25.0,44.0,27.0,52.0,34.0,20.0,28.0,62.0,27.0,45.0,38.0,61.0,37.0,27.0,19.0,71.0,32.0,34.0,20.0,90.0,59.0,24.0,27.0,47.0,74.0,47.0,40.0,28.0,23.0,61.0,45.0,37.0,55.0,22.0,30.0,18.0,20.0,62.0,124.0,76.0,29.0,34.0,52.0,40.0,153.0,55.0,185.0,179.0,244.0,248.0,182.0,283.0,213.0,209.0,215.0,124.0,262.0,180.0,237.0,180.0,181.0,184.0,105.0,153.0,110.0,145.0,106.0,90.0,75.0,109.0,84.0,113.0,78.0,105.0,88.0,163.0,105.0,104.0,95.0,99.0,79.0,85.0,97.0,84.0,126.0,68.0,137.0,75.0,81.0,81.0,129.0,30.0,106.0,56.0,26.0,62.0,23.0,22.0,28.0,23.0,65.0,49.0,58.0,44.0,31.0,33.0,31.0,27.0,24.0,42.0,42.0,77.0,41.0,69.0,77.0,24.0,55.0,75.0,43.0,42.0,22.0,22.0,57.0,84.0,40.0,44.0,43.0,33.0,28.0,19.0,42.0,56.0,24.0,41.0,48.0,45.0,54.0,44.0,35.0,16.0,21.0,55.0,64.0,43.0,28.0,47.0,77.0
26.0,40.0,38.0,43.0,78.0,41.0,79.0,64.0,137.0,38.0,31.0,47.0,61.0,28.0,51.0,38.0,31.0,23.0,47.0,26.0,42.0,19.0,29.0,31.0,48.0,21.0,32.0,66.0,35.0,55.0,34.0,23.0,36.0,23.0,19.0,25.0,51.0,64.0,45.0,56.0,69.0,69.0,37.0,54.0,27.0,61.0,20.0,23.0,56.0,20.0,29.0,65.0,30.0,42.0,81.0,66.0,22.0,48.0,34.0,35.0,36.0,32.0,38.0,58.0,26.0,29.0,45.0,46.0,182.0,320.0,217.0,356.0,286.0,220.0,367.0,248.0,336.0,350.0,269.0,390.0,309.0,228.0,429.0,255.0,256.0,255.0,212.0,255.0,165.0,222.0,205.0,150.0,208.0,127.0,188.0,122.0,170.0,131.0,157.0,126.0,144.0,103.0,150.0,132.0,150.0,94.0,163.0,86.0,148.0,69.0,166.0,52.0,122.0,62.0,129.0,69.0,64.0,31.0,28.0,55.0,65.0,54.0,81.0,55.0,62.0,25.0,43.0,60.0,37.0,48.0,27.0,37.0,67.0,15.0,28.0,33.0,42.0,23.0,39.0,36.0,24.0,81.0,23.0,44.0,51.0,23.0,58.0,38.0,27.0,40.0,31.0,34.0,55.0,40.0,61.0,47.0,48.0,57.0,100.0,36.0,39.0,74.0,46.0,34.0,75.0,34.0,32.0,34.0,37.0,30.0,22.0,59.0
59.0,51.0,22.0,72.0,91.0,27.0,36.0,64.0,53.0,80.0,49.0,67.0,49.0,26.0,28.0,40.0,29.0,64.0,41.0,47.0,41.0,43.0,35.0,49.0,44.0,40.0,41.0,28.0,28.0,72.0,30.0,63.0,20.0,25.0,41.0,34.0,26.0,24.0,17.0,30.0,45.0,38.0,26.0,53.0,61.0,34.0,64.0,51.0,53.0,36.0,38.0,47.0,36.0,25.0,27.0,52.0,19.0,16.0,80.0,70.0,36.0,46.0,33.0,29.0,28.0,55.0,20.0,18.0,109.0,61.0,20.0,89.0,49.0,29.0,50.0,29.0,44.0,11.0,27.0,46.0,36.0,30.0,30.0,24.0,89.0,245.0,180.0,127.0,275.0,145.0,234.0,215.0,126.0,262.0,163.0,279.0,234.0,207.0,227.0,202.0,268.0,146.0,238.0,241.0,123.0,186.0,107.0,172.0,130.0,183.0,158.0,147.0,113.0,134.0,113.0,139.0,136.0,142.0,132.0,157.0,103.0,136.0,107.0,138.0,92.0,132.0,99.0,127.0,41.0,125.0,47.0,64.0,65.0,109.0,27.0,62.0,55.0,55.0,30.0,45.0,48.0,51.0,82.0,30.0,32.0,64.0,79.0,23.0,32.0,32.0,64.0,40.0,45.0,68.0,37.0,21.0,21.0,71.0,40.0,38.0,46.0,23.0,49.0,77.0,49.0,69.0,42.0,73.0,23.0,38.0,39.0,86.0
52.0,28.0,52.0,52.0,54.0,35.0,25.0,22.0,61.0,46.0,50.0,48.0,55.0,24.0,58.0,41.0,70.0,32.0,19.0,39.0,61.0,42.0,89.0,25.0,45.0,21.0,29.0,28.0,72.0,50.0,25.0,28.0,51.0,56.0,37.0,22.0,77.0,51.0,91.0,61.0,29.0,49.0,41.0,48.0,64.0,47.0,77.0,26.0,46.0,71.0,54.0,70.0,47.0,24.0,34.0,42.0,67.0,39.0,64.0,75.0,61.0,38.0,35.0,60.0,37.0,54.0,70.0,59.0,31.0,61.0,35.0,37.0,73.0,49.0,44.0,46.0,47.0,41.0,53.0,195.0,189.0,180.0,234.0,163.0,173.0,207.0,147.0,275.0,161.0,196.0,212.0,153.0,226.0,215.0,192.0,204.0,152.0,196.0,155.0,203.0,221.0,174.0,229.0,142.0,137.0,149.0,171.0,151.0,121.0,123.0,144.0,134.0,109.0,75.0,104.0,93.0,96.0,155.0,93.0,77.0,110.0,111.0,107.0,98.0,117.0,69.0,93.0,55.0,86.0,54.0,71.0,119.0,61.0,99.0,68.0,45.0,77.0,44.0,41.0,47.0,32.0,96.0,65.0,30.0,62.0,68.0,59.0,41.0,34.0,38.0,68.0,68.0,84.0,51.0,66.0,52.0,78.0,76.0,97.0,48.0,51.0,60.0,48.0,58.0,63.0,68.0,67.0,61.0,20.0,90.0,44.0,55.0
62.0,62.0,70.0,34.0,63.0,52.0,19.0,39.0,76.0,47.0,37.0,48.0,84.0,62.0,50.0,55.0,46.0,44.0,71.0,31.0,61.0,63.0,65.0,54.0,91.0,28.0,50.0,43.0,62.0,47.0,38.0,54.0,66.0,36.0,37.0,73.0,23.0,35.0,57.0,57.0,40.0,27.0,54.0,64.0,36.0,34.0,46.0,58.0,127.0,93.0,56.0,41.0,32.0,26.0,47.0,26.0,24.0,58.0,61.0,82.0,52.0,28.0,47.0,44.0,57.0,38.0,52.0,116.0,33.0,26.0,40.0,112.0,25.0,45.0,81.0,44.0,51.0,46.0,68.0,68.0,68.0,97.0,182.0,171.0,114.0,189.0,239.0,158.0,276.0,202.0,238.0,236.0,141.0,227.0,174.0,197.0,185.0,166.0,213.0,101.0,206.0,192.0,116.0,198.0,152.0,195.0,158.0,167.0,187.0,177.0,116.0,106.0,194.0,111.0,169.0,142.0,160.0,105.0,144.0,85.0,142.0,89.0,187.0,75.0,173.0,80.0,117.0,75.0,124.0,71.0,68.0,63.0,108.0,44.0,95.0,44.0,96.0,86.0,78.0,61.0,66.0,42.0,92.0,37.0,70.0,86.0,71.0,24.0,34.0,32.0,68.0,42.0,50.0,29.0,37.0,62.0,41.0,91.0,41.0,34.0,88.0,90.0,108.0,50.0,78.0,42.0,36.0,62.0,46.0,56.0,63.0,44.0
37.0,16.0,19.0,51.0,37.0,30.0,23.0,28.0,80.0,39.0,34.0,37.0,36.0,34.0,18.0,30.0,41.0,34.0,23.0,46.0,30.0,25.0,42.0,23.0,54.0,22.0,37.0,28.0,39.0,44.0,34.0,32.0,82.0,36.0,26.0,41.0,25.0,45.0,46.0,31.0,19.0,46.0,109.0,36.0,32.0,34.0,23.0,71.0,47.0,29.0,28.0,46.0,33.0,67.0,32.0,32.0,54.0,39.0,83.0,38.0,28.0,49.0,59.0,31.0,30.0,49.0,42.0,44.0,62.0,24.0,53.0,38.0,13.0,36.0,65.0,29.0,65.0,10.0,48.0,44.0,30.0,20.0,69.0,39.0,21.0,87.0,51.0,48.0,38.0,27.0,51.0,38.0,27.0,49.0,86.0,57.0,25.0,51.0,93.0,271.0,192.0,367.0,287.0,258.0,436.0,313.0,372.0,342.0,294.0,394.0,284.0,274.0,322.0,242.0,283.0,173.0,258.0,297.0,200.0,195.0,166.0,268.0,148.0,227.0,210.0,227.0,238.0,220.0,184.0,183.0,167.0,113.0,154.0,141.0,159.0,185.0,137.0,136.0,107.0,142.0,85.0,152.0,68.0,113.0,97.0,104.0,73.0,88.0,54.0,18.0,43.0,34.0,35.0,26.0,34.0,32.0,26.0,41.0,27.0,22.0,74.0,74.0,25.0,27.0,27.0,35.0,37.0,26.0,49.0,10.0,18.0,21.0
57.0,46.0,75.0,68.0,30.0,32.0,24.0,42.0,24.0,40.0,51.0,18.0,29.0,39.0,27.0,42.0,42.0,61.0,50.0,68.0,140.0,78.0,50.0,15.0,37.0,39.0,33.0,34.0,44.0,72.0,76.0,42.0,35.0,46.0,46.0,31.0,43.0,30.0,63.0,18.0,27.0,39.0,58.0,24.0,33.0,28.0,59.0,33.0,34.0,35.0,25.0,51.0,61.0,25.0,27.0,59.0,61.0,64.0,30.0,27.0,32.0,49.0,41.0,19.0,34.0,32.0,26.0,32.0,30.0,40.0,42.0,22.0,21.0,29.0,32.0,20.0,28.0,17.0,65.0,248.0,241.0,180.0,413.0,352.0,351.0,375.0,240.0,469.0,280.0,309.0,384.0,232.0,375.0,259.0,263.0,320.0,235.0,343.0,174.0,312.0,210.0,251.0,271.0,198.0,208.0,167.0,253.0,148.0,292.0,130.0,235.0,114.0,203.0,123.0,188.0,120.0,181.0,60.0,177.0,83.0,178.0,109.0,156.0,102.0,121.0,113.0,86.0,88.0,98.0,59.0,81.0,120.0,28.0,98.0,52.0,77.0,73.0,64.0,70.0,57.0,66.0,80.0,58.0,25.0,35.0,63.0,55.0,37.0,58.0,69.0,57.0,54.0,85.0,28.0,65.0,56.0,52.0,58.0,75.0,56.0,41.0,55.0,46.0,45.0,46.0,59.0,21.0,35.0,65.0,26.0,45.0,25.0
21.0,17.0,57.0,44.0,38.0,24.0,41.0,73.0,37.0,34.0,16.0,54.0,32.0,29.0,47.0,58.0,35.0,19.0,31.0,34.0,27.0,15.0,50.0,17.0,32.0,25.0,20.0,50.0,88.0,24.0,65.0,32.0,86.0,27.0,31.0,18.0,19.0,72.0,48.0,57.0,76.0,57.0,15.0,67.0,89.0,32.0,44.0,52.0,57.0,33.0,34.0,35.0,75.0,54.0,33.0,79.0,70.0,45.0,32.0,8.0,45.0,27.0,34.0,16.0,50.0,34.0,23.0,61.0,37.0,74.0,53.0,56.0,56.0,33.0,51.0,57.0,65.0,60.0,38.0,29.0,73.0,30.0,23.0,66.0,44.0,40.0,29.0,35.0,37.0,25.0,49.0,41.0,28.0,80.0,44.0,63.0,49.0,51.0,13.0,27.0,24.0,33.0,31.0,42.0,25.0,62.0,24.0,53.0,28.0,50.0,46.0,33.0,27.0,61.0,38.0,26.0,49.0,40.0,30.0,41.0,40.0,61.0,42.0,57.0,38.0,36.0,45.0,25.0,38.0,47.0,17.0,38.0,22.0,50.0,26.0,36.0,62.0,38.0,50.0,57.0,42.0,31.0,25.0,42.0,44.0,53.0,201.0,201.0,154.0,276.0,199.0,224.0,228.0,183.0,320.0,220.0,325.0,147.0,217.0,275.0,183.0,264.0,201.0,280.0,135.0,213.0,139.0,187.0,130.0,166.0,146.0,148.0
43.0,58.0,73.0,38.0,33.0,49.0,103.0,38.0,60.0,57.0,33.0,21.0,100.0,27.0,26.0,88.0,40.0,24.0,35.0,26.0,30.0,33.0,27.0,41.0,39.0,21.0,45.0,56.0,66.0,34.0,50.0,26.0,52.0,40.0,63.0,64.0,57.0,89.0,59.0,60.0,33.0,37.0,37.0,52.0,33.0,22.0,49.0,27.0,20.0,67.0,65.0,47.0,71.0,30.0,33.0,63.0,90.0,42.0,56.0,80.0,30.0,29.0,47.0,36.0,31.0,78.0,38.0,45.0,22.0,41.0,34.0,69.0,36.0,42.0,33.0,24.0,71.0,42.0,87.0,53.0,60.0,31.0,17.0,52.0,47.0,32.0,26.0,45.0,53.0,32.0,30.0,53.0,34.0,19.0,113.0,49.0,56.0,87.0,87.0,28.0,28.0,32.0,37.0,50.0,42.0,77.0,179.0,334.0,263.0,270.0,414.0,292.0,424.0,388.0,339.0,411.0,321.0,402.0,364.0,288.0,398.0,242.0,312.0,247.0,167.0,229.0,165.0,256.0,240.0,202.0,237.0,188.0,220.0,180.0,172.0,123.0,239.0,138.0,209.0,122.0,188.0,102.0,169.0,100.0,147.0,62.0,168.0,77.0,138.0,108.0,139.0,53.0,94.0,66.0,60.0,82.0,110.0,63.0,182.0,73.0,23.0,57.0,52.0,47.0,55.0,143.0,63.0,47.0,45.0,65.0,35.0,35.0
44.0,97.0,49.0,27.0,42.0,54.0,48.0,92.0,27.0,52.0,34.0,72.0,54.0,65.0,55.0,78.0,57.0,149.0,46.0,34.0,48.0,28.0,44.0,51.0,46.0,71.0,77.0,84.0,66.0,43.0,62.0,36.0,16.0,98.0,38.0,51.0,56.0,38.0,35.0,45.0,58.0,38.0,88.0,30.0,21.0,51.0,57.0,48.0,23.0,30.0,43.0,67.0,40.0,39.0,54.0,91.0,88.0,27.0,64.0,34.0,92.0,56.0,39.0,45.0,34.0,35.0,24.0,62.0,36.0,25.0,60.0,37.0,112.0,170.0,160.0,180.0,370.0,322.0,306.0,421.0,260.0,347.0,307.0,210.0,349.0,239.0,273.0,283.0,187.0,246.0,260.0,235.0,181.0,193.0,187.0,159.0,204.0,171.0,185.0,116.0,233.0,116.0,187.0,134.0,217.0,116.0,201.0,160.0,195.0,84.0,171.0,114.0,179.0,147.0,183.0,122.0,121.0,75.0,158.0,203.0,195.0,73.0,78.0,65.0,57.0,100.0,94.0,45.0,85.0,65.0,36.0,77.0,65.0,63.0,26.0,81.0,79.0,41.0,49.0,54.0,63.0,59.0,65.0,43.0,29.0,30.0,104.0,54.0,26.0,66.0,48.0,24.0,48.0,60.0,55.0,99.0,34.0,147.0,42.0,44.0,41.0,38.0,39.0,31.0,40.0,47.0,46.0,47.0,25.0,43.0,43.0,39.0
44.0,74.0,44.0,43.0,38.0,50.0,20.0,40.0,26.0,39.0,38.0,12.0,36.0,29.0,25.0,43.0,64.0,44.0,33.0,36.0,34.0,36.0,49.0,36.0,29.0,31.0,96.0,31.0,52.0,39.0,42.0,37.0,46.0,83.0,72.0,78.0,66.0,128.0,56.0,41.0,58.0,52.0,38.0,87.0,44.0,49.0,61.0,72.0,66.0,54.0,75.0,91.0,44.0,55.0,45.0,52.0,30.0,56.0,64.0,30.0,50.0,43.0,52.0,30.0,56.0,58.0,49.0,65.0,74.0,37.0,50.0,49.0,33.0,41.0,57.0,24.0,55.0,34.0,48.0,55.0,56.0,58.0,37.0,41.0,45.0,55.0,37.0,32.0,42.0,26.0,65.0,16.0,76.0,35.0,37.0,32.0,88.0,54.0,46.0,65.0,153.0,150.0,254.0,216.0,304.0,356.0,305.0,468.0,437.0,348.0,449.0,277.0,442.0,326.0,281.0,330.0,259.0,301.0,266.0,274.0,298.0,196.0,281.0,162.0,277.0,182.0,238.0,238.0,187.0,172.0,187.0,177.0,147.0,159.0,140.0,167.0,126.0,179.0,128.0,131.0,156.0,94.0,168.0,175.0,88.0,126.0,107.0,155.0,127.0,76.0,196.0,59.0,155.0,81.0,119.0,53.0,25.0,61.0,121.0,65.0,48.0,28.0,41.0,54.0,27.0,45.0,79.0,80.0,55.0,53.0,52.0,56.0
42.0,43.0,54.0,52.0,91.0,34.0,35.0,67.0,38.0,49.0,50.0,40.0,45.0,33.0,58.0,27.0,12.0,54.0,29.0,60.0,57.0,69.0,71.0,64.0,55.0,19.0,54.0,62.0,61.0,53.0,114.0,64.0,51.0,47.0,45.0,44.0,71.0,63.0,52.0,79.0,73.0,84.0,43.0,48.0,56.0,39.0,68.0,41.0,70.0,35.0,30.0,27.0,71.0,21.0,42.0,20.0,60.0,35.0,25.0,38.0,21.0,35.0,23.0,35.0,26.0,24.0,25.0,45.0,40.0,69.0,63.0,25.0,49.0,13.0,81.0,47.0,61.0,60.0,24.0,40.0,32.0,53.0,49.0,25.0,29.0,78.0,35.0,62.0,19.0,69.0,35.0,47.0,30.0,28.0,25.0,73.0,62.0,80.0,57.0,71.0,85.0,40.0,21.0,29.0,31.0,46.0,18.0,73.0,52.0,36.0,36.0,39.0,49.0,72.0,23.0,21.0,24.0,75.0,23.0,51.0,58.0,43.0,31.0,49.0,213.0,229.0,282.0,285.0,220.0,421.0,339.0,266.0,398.0,259.0,374.0,325.0,226.0,414.0,225.0,277.0,252.0,162.0,277.0,158.0,221.0,293.0,182.0,229.0,156.0,260.0,176.0,262.0,162.0,187.0,201.0,199.0,179.0,176.0,129.0,179.0,161.0,154.0,106.0,175.0,104.0,183.0,39.0,147.0,87.0,198.0,79.0,145.0
50.0,55.0,49.0,78.0,60.0,100.0,62.0,69.0,105.0,74.0,65.0,59.0,39.0,52.0,56.0,33.0,59.0,103.0,27.0,36.0,41.0,59.0,34.0,37.0,72.0,33.0,46.0,25.0,55.0,69.0,84.0,47.0,81.0,45.0,29.0,36.0,30.0,32.0,40.0,83.0,43.0,33.0,40.0,24.0,40.0,19.0,56.0,71.0,39.0,66.0,35.0,34.0,67.0,36.0,57.0,35.0,50.0,54.0,40.0,57.0,53.0,32.0,50.0,46.0,32.0,29.0,44.0,46.0,69.0,96.0,28.0,95.0,70.0,33.0,25.0,44.0,45.0,16.0,35.0,26.0,31.0,53.0,45.0,40.0,41.0,28.0,23.0,30.0,46.0,19.0,78.0,47.0,47.0,40.0,32.0,48.0,40.0,53.0,157.0,198.0,306.0,319.0,214.0,415.0,274.0,273.0,475.0,270.0,381.0,367.0,250.0,486.0,291.0,371.0,432.0,260.0,432.0,375.0,263.0,348.0,216.0,332.0,298.0,259.0,276.0,201.0,339.0,208.0,277.0,253.0,250.0,226.0,191.0,200.0,166.0,250.0,160.0,139.0,198.0,158.0,188.0,106.0,190.0,100.0,138.0,52.0,90.0,58.0,31.0,33.0,61.0,56.0,27.0,48.0,75.0,28.0,36.0,42.0,39.0,24.0,22.0,25.0,56.0,61.0,46.0,26.0,43.0,24.0,51.0,64.0,64.0,27.0
37.0,70.0,60.0,39.0,47.0,53.0,53.0,51.0,64.0,56.0,42.0,33.0,35.0,48.0,35.0,43.0,20.0,69.0,26.0,35.0,71.0,42.0,36.0,34.0,39.0,28.0,58.0,48.0,41.0,30.0,97.0,49.0,34.0,73.0,19.0,39.0,23.0,33.0,49.0,45.0,71.0,23.0,46.0,23.0,75.0,20.0,37.0,48.0,21.0,94.0,66.0,57.0,28.0,26.0,33.0,67.0,59.0,71.0,35.0,33.0,38.0,41.0,43.0,50.0,21.0,21.0,45.0,32.0,38.0,30.0,147.0,241.0,408.0,243.0,366.0,373.0,350.0,427.0,399.0,326.0,493.0,455.0,405.0,516.0,365.0,448.0,416.0,324.0,477.0,326.0,339.0,302.0,200.0,292.0,151.0,239.0,205.0,181.0,253.0,128.0,283.0,158.0,249.0,182.0,272.0,202.0,247.0,261.0,202.0,239.0,156.0,235.0,142.0,212.0,137.0,204.0,126.0,211.0,151.0,212.0,108.0,75.0,110.0,86.0,89.0,53.0,48.0,60.0,37.0,69.0,85.0,48.0,45.0,81.0,78.0,84.0,34.0,27.0,57.0,54.0,60.0,91.0,86.0,37.0,28.0,17.0,56.0,67.0,48.0,26.0,56.0,65.0,37.0,45.0,16.0,53.0,48.0,32.0,33.0,38.0,36.0,41.0,26.0,29.0,34.0,25.0,44.0,64.0,45.0,34.0,13.0,47.0
39.0,33.0,100.0,58.0,32.0,80.0,62.0,62.0,35.0,19.0,29.0,29.0,64.0,22.0,44.0,59.0,46.0,15.0,44.0,29.0,102.0,28.0,27.0,49.0,27.0,43.0,30.0,25.0,34.0,27.0,52.0,74.0,50.0,38.0,35.0,109.0,77.0,33.0,22.0,21.0,85.0,31.0,47.0,11.0,26.0,24.0,50.0,48.0,19.0,47.0,58.0,16.0,50.0,38.0,44.0,39.0,26.0,20.0,53.0,16.0,82.0,21.0,52.0,55.0,51.0,28.0,48.0,69.0,24.0,67.0,38.0,15.0,46.0,78.0,34.0,27.0,89.0,33.0,43.0,221.0,174.0,171.0,227.0,113.0,331.0,206.0,349.0,275.0,224.0,319.0,244.0,267.0,335.0,157.0,313.0,210.0,274.0,255.0,118.0,209.0,129.0,277.0,183.0,223.0,254.0,147.0,306.0,158.0,321.0,147.0,302.0,172.0,237.0,200.0,213.0,151.0,192.0,152.0,181.0,173.0,188.0,172.0,174.0,104.0,204.0,103.0,186.0,153.0,225.0,141.0,128.0,78.0,41.0,29.0,70.0,48.0,61.0,53.0,34.0,75.0,36.0,53.0,39.0,49.0,40.0,21.0,68.0,66.0,37.0,81.0,34.0,52.0,48.0,23.0,48.0,57.0,36.0,36.0,45.0,40.0,36.0,39.0,31.0,45.0,35.0,69.0,39.0,46.0,52.0,43.0,30.0,57.0
16.0,38.0,18.0,37.0,72.0,48.0,86.0,14.0,195.0,50.0,29.0,26.0,41.0,38.0,99.0,103.0,50.0,68.0,27.0,23.0,32.0,21.0,22.0,25.0,63.0,64.0,17.0,20.0,47.0,16.0,42.0,49.0,74.0,31.0,51.0,39.0,25.0,33.0,68.0,43.0,66.0,24.0,93.0,38.0,58.0,67.0,40.0,57.0,74.0,40.0,77.0,89.0,78.0,68.0,74.0,83.0,56.0,55.0,73.0,53.0,39.0,36.0,71.0,39.0,42.0,71.0,39.0,32.0,53.0,56.0,97.0,45.0,54.0,166.0,132.0,218.0,296.0,239.0,399.0,355.0,348.0,392.0,329.0,402.0,412.0,376.0,494.0,468.0,315.0,507.0,387.0,393.0,446.0,333.0,419.0,364.0,263.0,340.0,255.0,344.0,220.0,211.0,254.0,188.0,289.0,166.0,260.0,158.0,203.0,153.0,191.0,203.0,162.0,126.0,142.0,120.0,150.0,83.0,215.0,117.0,260.0,78.0,156.0,91.0,160.0,110.0,76.0,125.0,59.0,151.0,97.0,115.0,68.0,137.0,37.0,72.0,56.0,58.0,85.0,64.0,131.0,65.0,65.0,53.0,91.0,86.0,150.0,60.0,67.0,30.0,46.0,103.0,49.0,65.0,69.0,36.0,48.0,40.0,37.0,42.0,39.0,66.0,53.0,33.0,25.0,49.0,59.0,20.0,20.0,65.0,54.0,28.0
82.0,54.0,51.0,50.0,36.0,78.0,54.0,34.0,43.0,42.0,58.0,69.0,46.0,48.0,26.0,53.0,41.0,83.0,33.0,31.0,20.0,44.0,62.0,54.0,45.0,20.0,46.0,84.0,37.0,29.0,21.0,68.0,26.0,56.0,21.0,54.0,23.0,39.0,36.0,65.0,25.0,36.0,52.0,58.0,38.0,86.0,45.0,27.0,64.0,49.0,92.0,58.0,99.0,61.0,51.0,38.0,78.0,54.0,52.0,65.0,43.0,55.0,102.0,266.0,284.0,235.0,373.0,310.0,409.0,414.0,329.0,524.0,406.0,343.0,461.0,291.0,381.0,376.0,242.0,457.0,286.0,352.0,323.0,220.0,282.0,177.0,273.0,198.0,245.0,297.0,169.0,246.0,196.0,278.0,164.0,290.0,188.0,257.0,173.0,229.0,204.0,197.0,176.0,175.0,120.0,195.0,187.0,172.0,141.0,165.0,128.0,210.0,130.0,193.0,50.0,164.0,73.0,123.0,55.0,73.0,55.0,155.0,49.0,77.0,69.0,29.0,46.0,20.0,64.0,96.0,87.0,99.0,27.0,52.0,86.0,49.0,36.0,43.0,77.0,40.0,63.0,35.0,31.0,50.0,44.0,51.0,57.0,46.0,50.0,30.0,27.0,41.0,48.0,26.0,23.0,47.0,47.0,52.0,106.0,59.0,26.0,36.0,32.0,51.0,90.0,38.0,22.0,53.0,43.0,22.0,57.0,49.0
45.0,64.0,52.0,84.0,55.0,78.0,56.0,68.0,63.0,89.0,49.0,46.0,77.0,80.0,44.0,92.0,63.0,57.0,34.0,47.0,62.0,35.0,29.0,52.0,38.0,33.0,38.0,78.0,48.0,48.0,32.0,33.0,55.0,49.0,34.0,30.0,69.0,37.0,36.0,54.0,99.0,61.0,25.0,28.0,65.0,51.0,78.0,77.0,35.0,62.0,68.0,52.0,68.0,23.0,66.0,40.0,37.0,70.0,60.0,42.0,115.0,194.0,142.0,288.0,269.0,360.0,351.0,221.0,508.0,249.0,395.0,342.0,248.0,355.0,174.0,341.0,166.0,289.0,336.0,184.0,344.0,172.0,311.0,277.0,210.0,276.0,127.0,259.0,112.0,192.0,228.0,152.0,163.0,171.0,130.0,152.0,196.0,137.0,228.0,143.0,185.0,139.0,229.0,137.0,226.0,138.0,184.0,169.0,114.0,163.0,128.0,165.0,100.0,122.0,71.0,131.0,120.0,173.0,60.0,120.0,63.0,113.0,69.0,100.0,95.0,102.0,61.0,52.0,55.0,45.0,30.0,54.0,21.0,49.0,100.0,41.0,45.0,19.0,124.0,82.0,47.0,83.0,56.0,35.0,81.0,69.0,50.0,32.0,33.0,62.0,62.0,38.0,54.0,61.0,66.0,110.0,78.0,50.0,18.0,49.0,28.0,49.0,40.0,43.0,44.0,83.0,36.0,44.0,69.0,68.0,66.0,41.0
45.0,80.0,113.0,144.0,144.0,143.0,147.0,205.0,174.0,166.0,193.0,159.0,169.0,160.0,156.0,158.0,93.0,115.0,89.0,120.0,77.0,159.0,93.0,95.0,65.0,71.0,80.0,30.0,69.0,37.0,66.0,48.0,35.0,58.0,90.0,44.0,30.0,39.0,33.0,38.0,72.0,50.0,73.0,40.0,51.0,81.0,49.0,39.0,87.0,97.0,39.0,62.0,37.0,64.0,41.0,82.0,63.0,130.0,75.0,122.0,56.0,66.0,45.0,100.0,33.0,65.0,90.0,37.0,52.0,49.0,67.0,101.0,110.0,228.0,341.0,231.0,401.0,392.0,308.0,542.0,266.0,348.0,429.0,249.0,439.0,290.0,314.0,406.0,241.0,390.0,311.0,316.0,297.0,210.0,356.0,119.0,357.0,271.0,256.0,394.0,211.0,335.0,188.0,264.0,169.0,310.0,233.0,202.0,200.0,152.0,200.0,241.0,98.0,303.0,162.0,272.0,94.0,260.0,126.0,197.0,136.0,168.0,94.0,206.0,80.0,193.0,118.0,144.0,117.0,84.0,118.0,128.0,110.0,134.0,104.0,60.0,132.0,55.0,73.0,103.0,100.0,102.0,39.0,70.0,68.0,70.0,84.0,80.0,67.0,72.0,77.0,101.0,67.0,92.0,101.0,76.0,37.0,40.0,41.0,52.0,50.0,44.0,59.0,53.0,86.0,68.0,93.0,76.0,81.0,97.0,70.0,72.0