22.0,29.0,111.0,50.0,41.0,80.0,130.0,18.0,33.0,21.0,26.0,55.0,48.0,52.0,25.0,33.0,70.0,40.0,34.0,28.0,19.0,26.0,80.0,30.0,40.0,28.0,63.0,29.0,29.0,31.0,33.0,24.0,42.0,34.0,34.0,27.0,47.0,22.0,39.0,34.0,36.0,32.0,43.0,22.0,37.0,19.0,69.0,46.0,72.0,62.0,22.0,49.0,124.0,95.0,104.0,81.0,96.0,28.0,71.0,69.0,98.0,53.0,23.0,38.0,24.0,47.0,65.0,23.0,70.0,27.0,16.0,33.0,19.0,26.0,29.0,39.0,28.0,29.0,32.0,35.0,31.0,38.0,61.0,36.0,24.0,38.0,36.0,68.0,33.0,71.0,39.0,64.0,31.0,35.0,21.0,52.0,27.0,38.0,48.0,51.0,43.0,25.0,45.0,30.0,29.0,37.0,58.0,24.0,46.0,53.0,77.0,19.0,37.0,28.0,31.0,125.0,61.0,25.0,42.0,21.0,28.0,61.0,35.0,65.0,51.0,88.0,24.0,22.0,47.0,33.0,40.0,10.0,92.0,62.0,47.0,29.0,33.0,38.0,36.0,71.0,57.0,53.0,42.0,36.0,53.0,54.0,76.0,30.0,32.0,63.0,38.0,12.0,82.0,44.0,95.0,34.0,60.0,19.0,49.0,46.0,44.0,35.0,49.0,74.0,80.0,47.0,100.0,114.0,77.0,114.0,73.0,97.0
43.0,38.0,51.0,32.0,28.0,28.0,105.0,40.0,34.0,64.0,31.0,44.0,26.0,72.0,78.0,22.0,34.0,47.0,25.0,46.0,29.0,39.0,16.0,83.0,56.0,44.0,46.0,86.0,42.0,28.0,90.0,58.0,63.0,31.0,32.0,64.0,21.0,35.0,43.0,22.0,35.0,41.0,17.0,27.0,17.0,23.0,55.0,38.0,8.0,20.0,52.0,29.0,81.0,27.0,48.0,61.0,37.0,34.0,41.0,22.0,26.0,39.0,44.0,81.0,64.0,95.0,52.0,33.0,32.0,127.0,168.0,109.0,181.0,171.0,174.0,150.0,125.0,241.0,152.0,92.0,144.0,129.0,123.0,205.0,157.0,132.0,120.0,121.0,80.0,30.0,86.0,129.0,53.0,89.0,43.0,141.0,166.0,128.0,123.0,111.0,113.0,98.0,54.0,33.0,43.0,31.0,59.0,65.0,62.0,87.0,73.0,62.0,70.0,54.0,86.0,66.0,29.0,61.0,27.0,56.0,104.0,155.0,145.0,210.0,100.0,198.0,71.0,202.0,144.0,161.0,134.0,155.0,128.0,115.0,107.0,90.0,118.0,94.0,119.0,149.0,121.0,49.0,75.0,53.0,19.0,18.0,39.0,27.0,30.0,54.0,94.0,46.0,70.0,31.0,67.0,55.0,45.0,46.0,39.0,47.0,17.0,101.0,61.0,44.0,33.0,66.0,77.0,51.0,108.0,105.0,41.0,95.0
18.0,56.0,37.0,35.0,41.0,32.0,36.0,24.0,24.0,96.0,47.0,34.0,53.0,43.0,24.0,68.0,40.0,31.0,80.0,52.0,62.0,28.0,27.0,40.0,58.0,22.0,69.0,47.0,20.0,30.0,25.0,41.0,61.0,39.0,44.0,30.0,27.0,27.0,51.0,42.0,70.0,27.0,59.0,36.0,50.0,20.0,58.0,49.0,69.0,60.0,31.0,48.0,90.0,56.0,14.0,50.0,34.0,26.0,44.0,75.0,84.0,86.0,82.0,88.0,49.0,33.0,37.0,51.0,50.0,76.0,44.0,47.0,47.0,75.0,89.0,46.0,39.0,59.0,48.0,106.0,79.0,153.0,126.0,70.0,114.0,131.0,99.0,60.0,112.0,105.0,74.0,105.0,99.0,59.0,143.0,116.0,55.0,124.0,85.0,149.0,102.0,107.0,113.0,63.0,108.0,102.0,143.0,94.0,145.0,50.0,87.0,46.0,92.0,43.0,45.0,53.0,61.0,77.0,60.0,31.0,46.0,36.0,79.0,56.0,74.0,49.0,44.0,65.0,100.0,45.0,37.0,109.0,192.0,127.0,254.0,151.0,150.0,163.0,118.0,173.0,95.0,208.0,82.0,156.0,158.0,183.0,142.0,142.0,165.0,99.0,160.0,80.0,95.0,66.0,52.0,48.0,75.0,45.0,64.0,63.0,35.0,40.0,49.0,45.0,48.0,32.0,21.0,66.0,61.0,34.0,50.0,81.0
32.0,26.0,21.0,20.0,21.0,34.0,33.0,72.0,33.0,31.0,64.0,30.0,31.0,46.0,106.0,68.0,42.0,38.0,67.0,28.0,58.0,52.0,48.0,37.0,61.0,54.0,27.0,64.0,41.0,22.0,35.0,25.0,58.0,22.0,36.0,38.0,75.0,43.0,105.0,40.0,93.0,39.0,31.0,80.0,60.0,92.0,47.0,26.0,71.0,41.0,22.0,36.0,83.0,51.0,64.0,49.0,52.0,41.0,42.0,39.0,41.0,76.0,53.0,75.0,47.0,79.0,29.0,30.0,49.0,24.0,29.0,41.0,31.0,65.0,47.0,27.0,37.0,21.0,23.0,63.0,18.0,46.0,42.0,22.0,39.0,58.0,32.0,58.0,54.0,41.0,23.0,21.0,41.0,46.0,46.0,57.0,25.0,34.0,36.0,33.0,28.0,121.0,26.0,24.0,41.0,60.0,31.0,37.0,42.0,30.0,17.0,26.0,47.0,86.0,52.0,76.0,44.0,31.0,13.0,88.0,37.0,47.0,27.0,33.0,43.0,28.0,48.0,99.0,43.0,200.0,88.0,80.0,66.0,79.0,74.0,137.0,85.0,85.0,91.0,68.0,67.0,160.0,58.0,76.0,49.0,113.0,69.0,131.0,54.0,156.0,116.0,135.0,145.0,78.0,85.0,72.0,64.0,35.0,43.0,101.0,92.0,34.0,68.0,60.0,57.0,63.0,73.0,48.0,44.0,67.0,52.0,33.0
43.0,44.0,29.0,50.0,50.0,23.0,65.0,34.0,46.0,53.0,22.0,83.0,88.0,48.0,40.0,52.0,83.0,32.0,55.0,55.0,89.0,58.0,44.0,25.0,37.0,113.0,28.0,29.0,64.0,35.0,51.0,33.0,21.0,46.0,65.0,64.0,84.0,43.0,94.0,44.0,42.0,85.0,47.0,15.0,76.0,95.0,69.0,73.0,21.0,45.0,45.0,34.0,30.0,40.0,47.0,42.0,11.0,27.0,14.0,50.0,29.0,41.0,57.0,52.0,33.0,68.0,17.0,36.0,48.0,69.0,60.0,107.0,44.0,25.0,28.0,39.0,102.0,84.0,58.0,33.0,45.0,21.0,83.0,72.0,60.0,85.0,31.0,79.0,98.0,67.0,130.0,152.0,32.0,169.0,24.0,158.0,57.0,74.0,99.0,47.0,115.0,102.0,168.0,71.0,93.0,99.0,81.0,143.0,134.0,149.0,75.0,225.0,147.0,75.0,55.0,71.0,60.0,53.0,43.0,39.0,39.0,40.0,78.0,57.0,93.0,39.0,74.0,63.0,34.0,63.0,47.0,43.0,62.0,57.0,88.0,190.0,172.0,206.0,78.0,197.0,137.0,165.0,154.0,116.0,181.0,133.0,210.0,119.0,201.0,77.0,126.0,106.0,88.0,96.0,49.0,52.0,41.0,53.0,42.0,73.0,32.0,105.0,46.0,85.0,51.0,71.0,58.0,21.0,70.0,118.0,34.0,124.0
101.0,41.0,32.0,22.0,26.0,65.0,31.0,139.0,12.0,93.0,60.0,28.0,40.0,29.0,58.0,50.0,46.0,43.0,50.0,42.0,26.0,77.0,64.0,32.0,46.0,41.0,41.0,85.0,22.0,24.0,18.0,16.0,50.0,34.0,80.0,72.0,56.0,49.0,16.0,76.0,34.0,106.0,41.0,51.0,55.0,62.0,73.0,49.0,25.0,36.0,42.0,19.0,36.0,92.0,34.0,27.0,88.0,20.0,54.0,24.0,64.0,33.0,62.0,110.0,57.0,91.0,89.0,99.0,146.0,76.0,136.0,128.0,89.0,137.0,128.0,142.0,101.0,107.0,86.0,83.0,122.0,78.0,72.0,128.0,107.0,36.0,55.0,24.0,77.0,123.0,76.0,173.0,98.0,129.0,72.0,76.0,70.0,64.0,60.0,67.0,42.0,55.0,51.0,56.0,47.0,44.0,34.0,32.0,41.0,54.0,67.0,39.0,72.0,58.0,29.0,130.0,198.0,165.0,134.0,278.0,105.0,189.0,156.0,209.0,208.0,138.0,283.0,132.0,203.0,104.0,147.0,72.0,62.0,129.0,69.0,42.0,61.0,34.0,47.0,34.0,28.0,73.0,43.0,48.0,31.0,59.0,23.0,49.0,31.0,86.0,56.0,69.0,131.0,119.0,106.0,97.0,71.0,73.0,88.0,79.0,79.0,124.0,66.0,75.0,75.0,75.0,65.0,74.0,46.0,49.0,88.0,76.0
14.0,39.0,60.0,20.0,17.0,12.0,45.0,35.0,76.0,31.0,28.0,38.0,43.0,43.0,47.0,58.0,18.0,41.0,34.0,27.0,82.0,45.0,31.0,77.0,55.0,39.0,29.0,33.0,50.0,53.0,30.0,47.0,19.0,24.0,36.0,93.0,48.0,70.0,33.0,21.0,63.0,62.0,67.0,29.0,56.0,24.0,31.0,60.0,70.0,66.0,101.0,54.0,28.0,57.0,38.0,15.0,40.0,41.0,20.0,27.0,89.0,71.0,122.0,52.0,128.0,85.0,169.0,116.0,109.0,116.0,27.0,154.0,170.0,102.0,174.0,60.0,112.0,110.0,127.0,74.0,33.0,92.0,62.0,62.0,125.0,109.0,187.0,131.0,202.0,237.0,129.0,202.0,81.0,105.0,82.0,56.0,56.0,44.0,128.0,23.0,71.0,54.0,49.0,53.0,47.0,46.0,37.0,24.0,71.0,106.0,41.0,45.0,30.0,145.0,168.0,126.0,224.0,112.0,158.0,109.0,109.0,124.0,107.0,176.0,105.0,123.0,82.0,144.0,53.0,128.0,36.0,60.0,34.0,54.0,38.0,21.0,29.0,47.0,50.0,32.0,28.0,58.0,54.0,35.0,22.0,31.0,39.0,110.0,48.0,71.0,85.0,50.0,37.0,165.0,95.0,108.0,80.0,87.0,81.0,84.0,64.0,43.0,49.0,90.0,33.0,39.0,84.0,89.0,66.0,45.0,38.0,32.0
31.0,66.0,31.0,99.0,44.0,19.0,70.0,62.0,47.0,84.0,89.0,72.0,37.0,22.0,38.0,35.0,46.0,32.0,108.0,27.0,73.0,38.0,28.0,38.0,81.0,25.0,58.0,21.0,19.0,44.0,42.0,24.0,67.0,110.0,42.0,45.0,60.0,30.0,33.0,59.0,46.0,39.0,53.0,24.0,52.0,50.0,79.0,40.0,87.0,30.0,29.0,19.0,48.0,63.0,35.0,49.0,36.0,81.0,31.0,37.0,98.0,145.0,71.0,83.0,167.0,119.0,193.0,87.0,119.0,93.0,116.0,151.0,63.0,175.0,112.0,102.0,52.0,113.0,137.0,65.0,114.0,90.0,118.0,92.0,64.0,64.0,125.0,154.0,87.0,211.0,141.0,123.0,52.0,98.0,47.0,40.0,60.0,50.0,70.0,71.0,76.0,62.0,75.0,69.0,71.0,103.0,77.0,69.0,76.0,33.0,39.0,87.0,141.0,172.0,170.0,173.0,128.0,101.0,157.0,87.0,163.0,127.0,126.0,132.0,146.0,149.0,136.0,134.0,160.0,196.0,70.0,74.0,40.0,35.0,45.0,89.0,54.0,44.0,56.0,66.0,76.0,37.0,72.0,40.0,43.0,54.0,37.0,43.0,59.0,80.0,100.0,102.0,95.0,119.0,108.0,145.0,89.0,119.0,86.0,97.0,44.0,66.0,62.0,76.0,74.0,98.0,61.0,57.0,84.0,53.0,35.0,71.0
52.0,37.0,31.0,101.0,72.0,31.0,64.0,23.0,71.0,40.0,25.0,56.0,32.0,48.0,21.0,37.0,65.0,46.0,57.0,26.0,28.0,55.0,84.0,59.0,31.0,55.0,27.0,70.0,37.0,59.0,78.0,31.0,28.0,21.0,52.0,38.0,28.0,37.0,22.0,34.0,28.0,26.0,116.0,70.0,71.0,31.0,33.0,67.0,28.0,37.0,84.0,108.0,91.0,186.0,75.0,159.0,141.0,125.0,186.0,139.0,167.0,179.0,63.0,119.0,90.0,160.0,153.0,106.0,167.0,186.0,116.0,87.0,95.0,111.0,60.0,110.0,27.0,74.0,157.0,85.0,165.0,160.0,279.0,224.0,204.0,166.0,156.0,190.0,50.0,100.0,71.0,75.0,50.0,48.0,140.0,87.0,91.0,62.0,31.0,56.0,64.0,84.0,57.0,42.0,52.0,56.0,32.0,40.0,44.0,61.0,215.0,165.0,271.0,108.0,231.0,190.0,181.0,207.0,141.0,195.0,97.0,141.0,112.0,189.0,172.0,182.0,170.0,121.0,229.0,70.0,98.0,47.0,42.0,37.0,21.0,91.0,31.0,35.0,52.0,28.0,54.0,63.0,79.0,30.0,69.0,53.0,15.0,23.0,37.0,11.0,23.0,35.0,96.0,65.0,129.0,37.0,131.0,60.0,148.0,96.0,103.0,61.0,97.0,66.0,141.0,104.0,68.0,70.0,87.0,67.0,73.0,29.0
63.0,28.0,39.0,24.0,20.0,44.0,86.0,52.0,57.0,113.0,39.0,40.0,22.0,37.0,35.0,34.0,35.0,33.0,32.0,48.0,42.0,61.0,100.0,59.0,30.0,42.0,34.0,41.0,24.0,25.0,69.0,27.0,65.0,43.0,33.0,34.0,29.0,30.0,19.0,41.0,91.0,33.0,54.0,64.0,27.0,43.0,62.0,14.0,86.0,31.0,37.0,32.0,41.0,19.0,62.0,60.0,33.0,42.0,41.0,30.0,43.0,36.0,41.0,52.0,56.0,40.0,82.0,111.0,115.0,51.0,174.0,95.0,142.0,136.0,98.0,225.0,106.0,135.0,104.0,156.0,162.0,59.0,181.0,121.0,245.0,137.0,127.0,203.0,114.0,100.0,43.0,119.0,39.0,120.0,101.0,82.0,76.0,89.0,186.0,60.0,169.0,153.0,134.0,81.0,99.0,51.0,29.0,68.0,68.0,97.0,65.0,79.0,61.0,55.0,54.0,70.0,47.0,103.0,41.0,63.0,95.0,35.0,52.0,150.0,233.0,164.0,196.0,157.0,102.0,135.0,95.0,159.0,184.0,113.0,151.0,139.0,159.0,142.0,186.0,139.0,131.0,152.0,147.0,95.0,121.0,26.0,66.0,32.0,76.0,66.0,56.0,45.0,43.0,99.0,88.0,110.0,59.0,91.0,37.0,42.0,101.0,65.0,97.0,116.0,133.0,146.0,86.0,201.0,88.0,159.0,75.0,109.0
42.0,26.0,18.0,52.0,68.0,90.0,36.0,63.0,49.0,69.0,16.0,51.0,52.0,25.0,23.0,29.0,60.0,62.0,117.0,58.0,42.0,41.0,18.0,112.0,45.0,38.0,24.0,29.0,44.0,42.0,28.0,60.0,22.0,60.0,39.0,36.0,42.0,36.0,36.0,55.0,61.0,51.0,59.0,56.0,23.0,28.0,35.0,72.0,28.0,44.0,65.0,41.0,20.0,32.0,80.0,49.0,23.0,32.0,41.0,32.0,44.0,39.0,34.0,51.0,70.0,68.0,21.0,29.0,58.0,44.0,23.0,76.0,37.0,86.0,39.0,80.0,50.0,41.0,39.0,67.0,38.0,36.0,29.0,83.0,85.0,102.0,137.0,99.0,103.0,132.0,119.0,145.0,72.0,174.0,151.0,88.0,94.0,79.0,96.0,166.0,79.0,90.0,126.0,74.0,126.0,131.0,87.0,155.0,165.0,107.0,190.0,91.0,80.0,68.0,28.0,105.0,141.0,112.0,161.0,93.0,151.0,108.0,83.0,76.0,124.0,62.0,42.0,45.0,45.0,83.0,73.0,92.0,70.0,65.0,53.0,70.0,47.0,42.0,64.0,49.0,49.0,64.0,49.0,27.0,27.0,111.0,127.0,104.0,206.0,115.0,125.0,166.0,126.0,154.0,122.0,136.0,136.0,138.0,65.0,165.0,129.0,117.0,130.0,135.0,96.0,59.0,125.0,66.0,52.0,44.0,41.0,111.0
56.0,27.0,53.0,52.0,64.0,36.0,57.0,53.0,22.0,34.0,56.0,31.0,12.0,25.0,67.0,31.0,31.0,32.0,92.0,51.0,40.0,50.0,26.0,69.0,39.0,50.0,50.0,67.0,78.0,29.0,28.0,61.0,13.0,41.0,56.0,44.0,25.0,96.0,79.0,97.0,52.0,56.0,51.0,65.0,71.0,48.0,40.0,29.0,23.0,46.0,35.0,60.0,55.0,34.0,29.0,19.0,55.0,25.0,37.0,42.0,52.0,31.0,56.0,59.0,140.0,81.0,134.0,75.0,155.0,100.0,89.0,161.0,49.0,139.0,106.0,93.0,51.0,67.0,169.0,44.0,92.0,68.0,113.0,66.0,85.0,68.0,83.0,121.0,103.0,110.0,79.0,117.0,59.0,90.0,32.0,62.0,42.0,29.0,63.0,68.0,51.0,108.0,35.0,69.0,37.0,32.0,47.0,67.0,69.0,48.0,41.0,57.0,79.0,94.0,170.0,156.0,247.0,170.0,173.0,171.0,105.0,186.0,102.0,198.0,221.0,204.0,169.0,200.0,198.0,215.0,172.0,159.0,92.0,80.0,95.0,86.0,128.0,31.0,69.0,77.0,100.0,74.0,47.0,63.0,49.0,55.0,47.0,82.0,34.0,50.0,31.0,93.0,163.0,153.0,121.0,140.0,42.0,99.0,30.0,98.0,48.0,54.0,49.0,89.0,47.0,54.0,81.0,57.0,22.0,37.0,45.0,52.0
44.0,76.0,25.0,82.0,76.0,55.0,63.0,63.0,59.0,30.0,30.0,22.0,49.0,25.0,57.0,96.0,27.0,36.0,64.0,24.0,53.0,28.0,25.0,32.0,36.0,56.0,91.0,59.0,68.0,54.0,120.0,40.0,50.0,36.0,28.0,54.0,30.0,116.0,72.0,60.0,35.0,23.0,25.0,33.0,55.0,87.0,52.0,24.0,30.0,80.0,35.0,40.0,43.0,60.0,53.0,38.0,32.0,47.0,75.0,31.0,24.0,62.0,46.0,36.0,99.0,51.0,22.0,57.0,65.0,43.0,42.0,80.0,124.0,116.0,137.0,89.0,161.0,161.0,114.0,87.0,82.0,139.0,54.0,169.0,174.0,83.0,191.0,63.0,171.0,164.0,94.0,70.0,74.0,122.0,40.0,73.0,81.0,167.0,130.0,189.0,208.0,206.0,222.0,108.0,173.0,92.0,89.0,35.0,36.0,43.0,54.0,56.0,142.0,44.0,80.0,79.0,34.0,77.0,73.0,35.0,60.0,58.0,47.0,35.0,45.0,30.0,42.0,67.0,151.0,193.0,233.0,99.0,263.0,182.0,181.0,177.0,99.0,258.0,104.0,264.0,156.0,240.0,234.0,185.0,189.0,177.0,118.0,189.0,119.0,41.0,44.0,32.0,65.0,40.0,35.0,65.0,39.0,27.0,47.0,57.0,28.0,64.0,32.0,45.0,44.0,46.0,40.0,23.0,49.0,22.0,55.0,72.0
90.0,15.0,34.0,43.0,14.0,126.0,40.0,27.0,29.0,27.0,39.0,34.0,19.0,22.0,17.0,63.0,23.0,45.0,26.0,20.0,57.0,28.0,34.0,43.0,77.0,31.0,27.0,50.0,65.0,23.0,57.0,50.0,43.0,56.0,17.0,39.0,37.0,28.0,58.0,91.0,24.0,31.0,43.0,34.0,69.0,30.0,74.0,60.0,77.0,74.0,43.0,82.0,21.0,42.0,17.0,40.0,27.0,87.0,50.0,125.0,161.0,100.0,167.0,50.0,126.0,201.0,66.0,221.0,87.0,124.0,228.0,75.0,127.0,122.0,97.0,133.0,87.0,103.0,53.0,95.0,52.0,59.0,88.0,160.0,165.0,233.0,245.0,195.0,193.0,97.0,149.0,94.0,142.0,87.0,29.0,42.0,54.0,39.0,60.0,29.0,31.0,73.0,31.0,102.0,64.0,37.0,74.0,92.0,42.0,83.0,36.0,57.0,56.0,48.0,143.0,137.0,226.0,112.0,256.0,166.0,132.0,220.0,125.0,205.0,146.0,199.0,175.0,192.0,180.0,190.0,122.0,100.0,116.0,113.0,46.0,82.0,33.0,31.0,64.0,55.0,55.0,67.0,40.0,38.0,41.0,23.0,32.0,97.0,48.0,61.0,75.0,53.0,22.0,61.0,106.0,105.0,143.0,123.0,206.0,128.0,129.0,153.0,158.0,132.0,154.0,117.0,119.0,94.0,129.0,110.0,91.0,63.0
54.0,37.0,41.0,38.0,22.0,65.0,67.0,56.0,62.0,28.0,100.0,36.0,39.0,43.0,60.0,19.0,26.0,45.0,27.0,64.0,21.0,48.0,83.0,62.0,21.0,51.0,26.0,36.0,83.0,82.0,54.0,31.0,31.0,29.0,32.0,23.0,44.0,28.0,27.0,84.0,52.0,54.0,57.0,39.0,61.0,74.0,69.0,14.0,40.0,81.0,71.0,22.0,58.0,61.0,17.0,70.0,56.0,74.0,30.0,149.0,197.0,157.0,189.0,174.0,212.0,253.0,167.0,212.0,210.0,63.0,119.0,149.0,95.0,222.0,196.0,165.0,176.0,171.0,158.0,112.0,195.0,187.0,110.0,146.0,211.0,193.0,80.0,180.0,193.0,132.0,172.0,207.0,248.0,253.0,254.0,197.0,149.0,169.0,51.0,21.0,55.0,69.0,51.0,75.0,62.0,63.0,52.0,73.0,76.0,53.0,70.0,102.0,51.0,51.0,124.0,54.0,74.0,20.0,33.0,26.0,133.0,228.0,151.0,201.0,153.0,101.0,227.0,122.0,234.0,92.0,191.0,91.0,218.0,145.0,181.0,151.0,207.0,177.0,95.0,177.0,56.0,69.0,31.0,76.0,53.0,54.0,39.0,41.0,53.0,119.0,38.0,50.0,39.0,38.0,27.0,65.0,77.0,33.0,40.0,36.0,35.0,29.0,65.0,90.0,83.0,137.0,82.0,124.0,64.0,79.0,99.0,75.0
29.0,42.0,99.0,29.0,24.0,20.0,89.0,93.0,26.0,43.0,45.0,76.0,75.0,76.0,34.0,63.0,36.0,16.0,22.0,33.0,26.0,48.0,71.0,53.0,23.0,37.0,35.0,57.0,40.0,27.0,38.0,19.0,57.0,30.0,48.0,57.0,59.0,24.0,65.0,36.0,31.0,44.0,37.0,29.0,71.0,32.0,22.0,36.0,40.0,57.0,34.0,17.0,25.0,39.0,31.0,45.0,87.0,119.0,32.0,42.0,45.0,21.0,39.0,33.0,19.0,33.0,48.0,77.0,36.0,28.0,65.0,107.0,87.0,125.0,128.0,97.0,125.0,137.0,139.0,155.0,78.0,123.0,151.0,117.0,119.0,182.0,90.0,152.0,203.0,121.0,165.0,167.0,120.0,99.0,65.0,30.0,96.0,102.0,135.0,114.0,67.0,126.0,160.0,63.0,115.0,100.0,66.0,33.0,75.0,57.0,62.0,76.0,66.0,35.0,33.0,52.0,75.0,58.0,49.0,61.0,52.0,41.0,45.0,50.0,35.0,169.0,92.0,131.0,87.0,148.0,122.0,111.0,135.0,92.0,118.0,103.0,87.0,136.0,99.0,127.0,72.0,112.0,123.0,114.0,110.0,58.0,34.0,42.0,45.0,36.0,30.0,38.0,46.0,46.0,51.0,47.0,52.0,89.0,38.0,40.0,36.0,72.0,29.0,30.0,25.0,41.0,40.0,60.0,85.0,131.0,86.0,82.0
35.0,54.0,20.0,51.0,40.0,38.0,152.0,63.0,24.0,38.0,58.0,68.0,40.0,34.0,45.0,26.0,36.0,34.0,46.0,48.0,36.0,28.0,62.0,53.0,14.0,46.0,36.0,74.0,55.0,31.0,33.0,89.0,28.0,54.0,30.0,47.0,36.0,98.0,23.0,45.0,142.0,32.0,63.0,48.0,31.0,55.0,37.0,124.0,31.0,37.0,26.0,18.0,42.0,47.0,39.0,20.0,29.0,68.0,48.0,57.0,122.0,153.0,138.0,170.0,100.0,125.0,169.0,97.0,127.0,93.0,108.0,180.0,117.0,196.0,73.0,114.0,181.0,82.0,144.0,83.0,97.0,62.0,62.0,57.0,40.0,77.0,88.0,73.0,153.0,158.0,133.0,185.0,98.0,104.0,80.0,40.0,43.0,44.0,67.0,122.0,71.0,102.0,86.0,68.0,68.0,70.0,83.0,62.0,69.0,64.0,33.0,60.0,30.0,160.0,109.0,104.0,141.0,92.0,127.0,127.0,102.0,115.0,89.0,115.0,134.0,79.0,106.0,102.0,134.0,126.0,144.0,92.0,91.0,118.0,92.0,60.0,54.0,43.0,42.0,29.0,41.0,84.0,59.0,58.0,47.0,41.0,68.0,46.0,37.0,51.0,42.0,51.0,22.0,99.0,136.0,161.0,130.0,189.0,146.0,87.0,106.0,116.0,129.0,124.0,118.0,75.0,111.0,98.0,122.0,75.0,54.0,68.0
42.0,72.0,46.0,90.0,66.0,67.0,19.0,41.0,46.0,48.0,25.0,56.0,39.0,23.0,67.0,129.0,30.0,72.0,17.0,30.0,111.0,48.0,71.0,22.0,62.0,32.0,37.0,24.0,27.0,42.0,42.0,38.0,106.0,29.0,43.0,110.0,23.0,86.0,68.0,33.0,48.0,96.0,15.0,49.0,59.0,36.0,75.0,50.0,43.0,39.0,86.0,86.0,37.0,24.0,59.0,64.0,38.0,40.0,29.0,65.0,78.0,41.0,33.0,82.0,45.0,20.0,51.0,37.0,22.0,43.0,64.0,82.0,37.0,31.0,46.0,32.0,70.0,133.0,81.0,47.0,67.0,80.0,71.0,209.0,46.0,116.0,176.0,65.0,115.0,65.0,106.0,42.0,120.0,85.0,89.0,104.0,36.0,162.0,133.0,167.0,126.0,98.0,147.0,66.0,136.0,81.0,78.0,85.0,88.0,71.0,79.0,91.0,62.0,81.0,97.0,82.0,59.0,47.0,63.0,95.0,56.0,38.0,30.0,45.0,55.0,69.0,19.0,30.0,38.0,90.0,127.0,187.0,172.0,148.0,190.0,123.0,95.0,196.0,152.0,95.0,237.0,202.0,207.0,159.0,137.0,155.0,111.0,166.0,129.0,131.0,68.0,36.0,50.0,96.0,96.0,54.0,54.0,55.0,24.0,33.0,72.0,117.0,44.0,55.0,42.0,72.0,39.0,57.0,52.0,30.0,47.0,111.0
53.0,20.0,37.0,25.0,25.0,39.0,72.0,66.0,61.0,42.0,41.0,30.0,65.0,17.0,76.0,55.0,79.0,31.0,45.0,32.0,29.0,13.0,36.0,47.0,41.0,28.0,60.0,112.0,46.0,42.0,37.0,27.0,79.0,65.0,69.0,31.0,32.0,49.0,46.0,30.0,30.0,82.0,75.0,22.0,45.0,44.0,26.0,36.0,45.0,43.0,52.0,44.0,16.0,42.0,34.0,16.0,28.0,66.0,78.0,49.0,37.0,60.0,29.0,15.0,34.0,34.0,26.0,15.0,51.0,58.0,95.0,55.0,41.0,21.0,32.0,40.0,27.0,35.0,36.0,80.0,36.0,26.0,61.0,43.0,40.0,33.0,59.0,52.0,86.0,49.0,35.0,55.0,31.0,36.0,43.0,32.0,20.0,49.0,90.0,72.0,61.0,95.0,107.0,125.0,87.0,131.0,148.0,98.0,106.0,65.0,82.0,110.0,115.0,90.0,141.0,123.0,84.0,76.0,41.0,58.0,96.0,44.0,83.0,117.0,191.0,121.0,135.0,157.0,65.0,96.0,74.0,24.0,31.0,46.0,81.0,62.0,43.0,51.0,62.0,56.0,72.0,61.0,102.0,38.0,140.0,20.0,30.0,183.0,211.0,144.0,155.0,171.0,124.0,149.0,88.0,131.0,118.0,125.0,106.0,88.0,157.0,108.0,106.0,116.0,90.0,102.0,83.0,52.0,26.0,24.0,55.0,30.0
43.0,55.0,36.0,52.0,46.0,88.0,37.0,78.0,49.0,37.0,61.0,86.0,35.0,30.0,58.0,37.0,35.0,77.0,26.0,32.0,44.0,57.0,78.0,36.0,21.0,24.0,45.0,44.0,28.0,35.0,28.0,51.0,37.0,82.0,25.0,71.0,50.0,64.0,52.0,30.0,35.0,24.0,53.0,32.0,33.0,34.0,43.0,64.0,28.0,34.0,46.0,22.0,29.0,41.0,30.0,71.0,32.0,29.0,29.0,62.0,21.0,31.0,64.0,62.0,40.0,58.0,95.0,41.0,96.0,88.0,103.0,148.0,55.0,157.0,75.0,104.0,163.0,114.0,156.0,81.0,136.0,60.0,153.0,160.0,44.0,49.0,61.0,95.0,41.0,139.0,49.0,117.0,45.0,104.0,95.0,64.0,73.0,48.0,32.0,71.0,46.0,52.0,55.0,27.0,38.0,98.0,49.0,55.0,46.0,39.0,91.0,46.0,83.0,43.0,77.0,119.0,93.0,161.0,101.0,154.0,123.0,134.0,165.0,110.0,124.0,114.0,83.0,82.0,148.0,178.0,114.0,99.0,115.0,126.0,69.0,35.0,48.0,45.0,20.0,26.0,93.0,43.0,41.0,47.0,54.0,58.0,29.0,37.0,47.0,58.0,36.0,67.0,35.0,113.0,81.0,90.0,49.0,62.0,85.0,68.0,60.0,83.0,61.0,75.0,95.0,69.0,89.0,55.0,50.0,54.0,36.0,73.0
24.0,18.0,42.0,21.0,34.0,36.0,26.0,63.0,38.0,32.0,46.0,24.0,81.0,63.0,44.0,33.0,76.0,35.0,42.0,36.0,70.0,67.0,38.0,48.0,29.0,34.0,23.0,21.0,55.0,65.0,84.0,24.0,153.0,76.0,42.0,23.0,69.0,32.0,76.0,73.0,41.0,51.0,63.0,96.0,53.0,61.0,40.0,107.0,68.0,22.0,67.0,51.0,18.0,62.0,55.0,20.0,35.0,84.0,46.0,55.0,47.0,33.0,144.0,131.0,130.0,148.0,154.0,114.0,135.0,115.0,67.0,94.0,82.0,87.0,82.0,91.0,201.0,117.0,125.0,130.0,80.0,120.0,49.0,93.0,104.0,37.0,29.0,40.0,126.0,104.0,76.0,130.0,144.0,174.0,62.0,71.0,65.0,41.0,80.0,105.0,47.0,71.0,57.0,53.0,55.0,45.0,39.0,66.0,100.0,29.0,48.0,34.0,63.0,155.0,132.0,94.0,159.0,125.0,140.0,113.0,127.0,152.0,88.0,184.0,90.0,159.0,47.0,134.0,97.0,149.0,68.0,65.0,46.0,38.0,48.0,54.0,43.0,71.0,33.0,90.0,31.0,53.0,102.0,92.0,50.0,56.0,26.0,48.0,60.0,22.0,48.0,21.0,22.0,79.0,35.0,39.0,109.0,74.0,30.0,77.0,36.0,103.0,17.0,51.0,29.0,44.0,74.0,40.0,53.0,46.0,21.0,29.0
102.0,24.0,48.0,62.0,25.0,26.0,51.0,26.0,89.0,20.0,21.0,68.0,57.0,25.0,22.0,49.0,48.0,16.0,54.0,38.0,48.0,45.0,33.0,47.0,57.0,30.0,40.0,51.0,37.0,57.0,33.0,25.0,37.0,73.0,52.0,17.0,20.0,30.0,49.0,88.0,14.0,78.0,38.0,22.0,30.0,58.0,37.0,39.0,26.0,42.0,89.0,125.0,99.0,137.0,142.0,72.0,167.0,118.0,120.0,114.0,82.0,140.0,122.0,82.0,156.0,102.0,102.0,65.0,69.0,48.0,42.0,88.0,32.0,113.0,180.0,137.0,143.0,111.0,105.0,48.0,123.0,74.0,84.0,42.0,25.0,31.0,50.0,37.0,44.0,48.0,31.0,26.0,73.0,23.0,65.0,72.0,52.0,33.0,84.0,45.0,42.0,27.0,132.0,88.0,143.0,159.0,120.0,173.0,88.0,211.0,130.0,161.0,86.0,132.0,165.0,114.0,130.0,109.0,109.0,99.0,107.0,56.0,49.0,25.0,39.0,29.0,56.0,121.0,48.0,29.0,63.0,44.0,34.0,34.0,33.0,56.0,30.0,103.0,24.0,128.0,77.0,49.0,114.0,71.0,97.0,99.0,59.0,88.0,53.0,52.0,41.0,41.0,35.0,44.0,37.0,44.0,38.0,22.0,56.0,29.0,42.0,27.0,43.0,19.0,16.0,62.0,56.0,41.0,25.0,100.0,94.0,38.0
30.0,41.0,60.0,22.0,19.0,42.0,37.0,35.0,36.0,30.0,25.0,42.0,44.0,21.0,19.0,30.0,40.0,23.0,29.0,28.0,50.0,67.0,111.0,33.0,39.0,67.0,29.0,33.0,63.0,24.0,37.0,23.0,46.0,32.0,33.0,38.0,50.0,29.0,30.0,24.0,33.0,46.0,33.0,53.0,76.0,27.0,36.0,48.0,70.0,17.0,21.0,56.0,145.0,51.0,95.0,90.0,67.0,145.0,120.0,131.0,111.0,79.0,163.0,128.0,155.0,127.0,125.0,190.0,109.0,120.0,112.0,58.0,110.0,47.0,101.0,45.0,140.0,34.0,81.0,108.0,93.0,119.0,158.0,158.0,167.0,88.0,130.0,55.0,60.0,31.0,72.0,77.0,71.0,58.0,60.0,91.0,110.0,63.0,81.0,41.0,54.0,105.0,76.0,24.0,133.0,143.0,169.0,222.0,150.0,278.0,320.0,224.0,360.0,272.0,213.0,264.0,239.0,163.0,206.0,161.0,177.0,281.0,143.0,172.0,98.0,74.0,59.0,78.0,64.0,53.0,61.0,29.0,79.0,47.0,43.0,60.0,35.0,28.0,43.0,42.0,46.0,29.0,29.0,41.0,25.0,24.0,107.0,102.0,117.0,112.0,65.0,87.0,53.0,74.0,82.0,95.0,134.0,111.0,71.0,65.0,44.0,44.0,35.0,47.0,59.0,34.0,80.0,54.0,34.0,69.0,35.0,64.0
28.0,44.0,41.0,38.0,59.0,34.0,60.0,64.0,38.0,24.0,28.0,20.0,39.0,33.0,35.0,61.0,18.0,32.0,54.0,36.0,72.0,26.0,44.0,70.0,80.0,74.0,32.0,76.0,16.0,26.0,34.0,36.0,69.0,16.0,38.0,86.0,33.0,22.0,27.0,51.0,82.0,31.0,32.0,44.0,24.0,30.0,100.0,24.0,40.0,23.0,47.0,72.0,12.0,60.0,37.0,59.0,58.0,41.0,17.0,41.0,58.0,41.0,58.0,68.0,35.0,14.0,64.0,55.0,16.0,44.0,65.0,33.0,96.0,35.0,52.0,53.0,43.0,27.0,53.0,77.0,60.0,53.0,79.0,120.0,69.0,99.0,66.0,62.0,117.0,75.0,212.0,112.0,104.0,59.0,62.0,153.0,36.0,84.0,56.0,40.0,54.0,33.0,106.0,131.0,133.0,170.0,100.0,160.0,78.0,70.0,35.0,49.0,61.0,100.0,64.0,57.0,45.0,51.0,88.0,72.0,78.0,97.0,84.0,67.0,36.0,29.0,40.0,148.0,105.0,165.0,134.0,96.0,186.0,121.0,134.0,134.0,103.0,138.0,44.0,128.0,145.0,140.0,147.0,115.0,137.0,81.0,61.0,34.0,43.0,33.0,35.0,26.0,70.0,44.0,32.0,94.0,87.0,37.0,56.0,23.0,22.0,63.0,40.0,108.0,174.0,83.0,61.0,118.0,75.0,129.0,85.0,78.0
43.0,22.0,31.0,24.0,38.0,45.0,51.0,34.0,20.0,42.0,40.0,57.0,27.0,110.0,65.0,43.0,22.0,32.0,46.0,16.0,32.0,59.0,47.0,27.0,17.0,58.0,21.0,71.0,19.0,25.0,41.0,64.0,64.0,17.0,22.0,39.0,57.0,85.0,30.0,45.0,66.0,24.0,22.0,39.0,39.0,46.0,45.0,55.0,20.0,20.0,57.0,30.0,37.0,56.0,30.0,43.0,29.0,52.0,32.0,56.0,30.0,31.0,76.0,66.0,110.0,46.0,97.0,105.0,114.0,133.0,119.0,137.0,101.0,128.0,114.0,114.0,158.0,146.0,140.0,40.0,146.0,106.0,147.0,48.0,108.0,101.0,105.0,34.0,92.0,114.0,85.0,135.0,159.0,138.0,137.0,99.0,60.0,32.0,46.0,89.0,45.0,34.0,42.0,53.0,36.0,103.0,51.0,71.0,48.0,72.0,68.0,26.0,85.0,55.0,68.0,71.0,109.0,127.0,229.0,108.0,134.0,104.0,146.0,151.0,121.0,270.0,57.0,213.0,163.0,144.0,210.0,117.0,115.0,120.0,72.0,52.0,61.0,142.0,24.0,40.0,34.0,57.0,47.0,54.0,82.0,45.0,61.0,52.0,24.0,52.0,62.0,41.0,35.0,38.0,66.0,105.0,118.0,37.0,103.0,83.0,104.0,109.0,104.0,36.0,79.0,118.0,170.0,45.0,76.0,40.0,45.0,53.0
38.0,33.0,20.0,35.0,17.0,23.0,22.0,61.0,36.0,44.0,54.0,27.0,133.0,27.0,77.0,26.0,57.0,45.0,35.0,20.0,32.0,28.0,33.0,36.0,40.0,64.0,71.0,28.0,34.0,46.0,45.0,45.0,66.0,41.0,29.0,74.0,55.0,56.0,76.0,42.0,32.0,38.0,32.0,82.0,49.0,20.0,39.0,60.0,29.0,24.0,66.0,66.0,31.0,37.0,79.0,27.0,26.0,39.0,23.0,21.0,38.0,30.0,56.0,26.0,71.0,71.0,45.0,55.0,80.0,47.0,162.0,97.0,126.0,142.0,91.0,179.0,139.0,95.0,148.0,78.0,88.0,165.0,108.0,115.0,219.0,116.0,98.0,119.0,31.0,70.0,69.0,60.0,46.0,79.0,131.0,146.0,98.0,155.0,80.0,67.0,67.0,42.0,40.0,59.0,64.0,100.0,78.0,76.0,57.0,54.0,70.0,82.0,48.0,86.0,68.0,26.0,112.0,42.0,159.0,108.0,194.0,128.0,136.0,165.0,123.0,204.0,128.0,148.0,142.0,103.0,178.0,149.0,140.0,146.0,96.0,78.0,99.0,72.0,98.0,38.0,37.0,55.0,69.0,60.0,38.0,70.0,69.0,46.0,120.0,54.0,54.0,36.0,30.0,39.0,19.0,77.0,49.0,107.0,133.0,180.0,126.0,137.0,138.0,147.0,113.0,151.0,121.0,130.0,104.0,119.0,98.0,72.0
87.0,20.0,29.0,29.0,69.0,44.0,18.0,25.0,93.0,67.0,33.0,40.0,96.0,26.0,40.0,66.0,26.0,36.0,45.0,43.0,54.0,34.0,20.0,38.0,18.0,21.0,23.0,14.0,53.0,37.0,38.0,50.0,43.0,58.0,68.0,95.0,37.0,83.0,24.0,14.0,40.0,40.0,32.0,18.0,22.0,40.0,36.0,26.0,18.0,44.0,40.0,23.0,34.0,28.0,53.0,80.0,55.0,25.0,49.0,37.0,49.0,55.0,15.0,12.0,28.0,29.0,63.0,125.0,92.0,118.0,128.0,85.0,139.0,82.0,169.0,113.0,90.0,145.0,71.0,119.0,106.0,60.0,125.0,24.0,97.0,60.0,194.0,159.0,170.0,212.0,183.0,216.0,102.0,65.0,54.0,113.0,75.0,37.0,111.0,44.0,76.0,46.0,40.0,39.0,53.0,48.0,32.0,42.0,101.0,110.0,203.0,213.0,305.0,263.0,182.0,270.0,261.0,170.0,278.0,114.0,269.0,222.0,186.0,194.0,132.0,141.0,111.0,78.0,38.0,104.0,120.0,50.0,48.0,28.0,43.0,60.0,44.0,41.0,48.0,31.0,87.0,76.0,89.0,43.0,53.0,36.0,27.0,129.0,72.0,119.0,61.0,152.0,36.0,23.0,56.0,83.0,37.0,53.0,26.0,33.0,45.0,60.0,39.0,29.0,41.0,82.0,44.0,40.0,53.0,39.0,30.0,60.0
51.0,47.0,40.0,40.0,42.0,26.0,40.0,41.0,67.0,20.0,23.0,38.0,29.0,27.0,60.0,24.0,64.0,51.0,74.0,44.0,37.0,111.0,91.0,56.0,32.0,23.0,29.0,49.0,38.0,27.0,63.0,45.0,24.0,41.0,52.0,131.0,42.0,51.0,51.0,46.0,37.0,26.0,21.0,34.0,38.0,39.0,36.0,41.0,51.0,36.0,32.0,46.0,44.0,32.0,31.0,37.0,23.0,40.0,39.0,22.0,25.0,19.0,43.0,38.0,19.0,44.0,58.0,103.0,152.0,87.0,187.0,190.0,119.0,212.0,235.0,101.0,182.0,234.0,130.0,139.0,178.0,189.0,66.0,141.0,183.0,151.0,153.0,69.0,142.0,107.0,108.0,41.0,100.0,184.0,105.0,109.0,101.0,158.0,136.0,135.0,227.0,160.0,57.0,105.0,96.0,63.0,58.0,34.0,86.0,97.0,131.0,106.0,170.0,148.0,112.0,171.0,51.0,124.0,32.0,45.0,61.0,65.0,80.0,42.0,45.0,33.0,51.0,45.0,60.0,59.0,40.0,27.0,63.0,85.0,53.0,48.0,74.0,144.0,181.0,105.0,258.0,183.0,216.0,198.0,116.0,226.0,152.0,189.0,187.0,177.0,194.0,134.0,170.0,139.0,130.0,107.0,65.0,32.0,37.0,31.0,37.0,64.0,34.0,50.0,49.0,109.0,50.0,105.0,20.0,44.0,30.0,38.0
18.0,41.0,28.0,16.0,60.0,37.0,43.0,36.0,59.0,64.0,51.0,27.0,50.0,54.0,29.0,95.0,23.0,68.0,28.0,40.0,64.0,27.0,27.0,85.0,36.0,90.0,56.0,27.0,58.0,61.0,50.0,13.0,45.0,42.0,128.0,24.0,12.0,49.0,30.0,54.0,17.0,104.0,56.0,53.0,47.0,61.0,25.0,27.0,32.0,17.0,34.0,37.0,58.0,20.0,69.0,44.0,57.0,40.0,75.0,106.0,153.0,222.0,159.0,251.0,230.0,142.0,281.0,152.0,117.0,232.0,201.0,136.0,206.0,122.0,155.0,260.0,87.0,124.0,130.0,72.0,95.0,71.0,83.0,137.0,108.0,75.0,175.0,180.0,113.0,137.0,83.0,73.0,54.0,46.0,78.0,50.0,49.0,52.0,68.0,73.0,59.0,46.0,26.0,106.0,39.0,58.0,165.0,180.0,206.0,234.0,98.0,211.0,179.0,124.0,225.0,131.0,201.0,134.0,141.0,159.0,77.0,101.0,81.0,69.0,64.0,59.0,26.0,43.0,63.0,61.0,64.0,103.0,39.0,59.0,32.0,28.0,51.0,42.0,57.0,73.0,72.0,142.0,129.0,140.0,88.0,120.0,138.0,112.0,116.0,61.0,67.0,65.0,84.0,80.0,108.0,129.0,83.0,39.0,67.0,66.0,63.0,65.0,32.0,28.0,37.0,69.0,24.0,68.0,32.0,66.0,29.0,65.0
72.0,25.0,33.0,69.0,143.0,24.0,50.0,13.0,45.0,43.0,69.0,72.0,87.0,39.0,41.0,27.0,38.0,43.0,44.0,35.0,24.0,39.0,32.0,39.0,27.0,78.0,28.0,23.0,58.0,42.0,38.0,89.0,56.0,28.0,55.0,56.0,30.0,25.0,72.0,43.0,55.0,72.0,43.0,22.0,16.0,43.0,84.0,78.0,23.0,59.0,32.0,18.0,24.0,58.0,42.0,80.0,37.0,51.0,38.0,64.0,71.0,53.0,59.0,45.0,47.0,35.0,65.0,43.0,50.0,29.0,59.0,89.0,24.0,22.0,33.0,35.0,58.0,23.0,28.0,39.0,96.0,81.0,117.0,129.0,137.0,87.0,87.0,89.0,151.0,56.0,130.0,203.0,129.0,154.0,153.0,90.0,120.0,89.0,36.0,74.0,171.0,115.0,266.0,228.0,218.0,295.0,211.0,180.0,151.0,115.0,32.0,52.0,49.0,75.0,65.0,94.0,72.0,73.0,73.0,83.0,52.0,53.0,88.0,63.0,73.0,24.0,43.0,107.0,189.0,178.0,131.0,290.0,163.0,233.0,195.0,148.0,234.0,106.0,151.0,146.0,126.0,151.0,109.0,151.0,198.0,126.0,67.0,34.0,59.0,71.0,38.0,66.0,37.0,54.0,51.0,112.0,36.0,45.0,125.0,48.0,26.0,38.0,28.0,49.0,22.0,47.0,38.0,172.0,152.0,132.0,181.0,174.0
80.0,93.0,48.0,76.0,73.0,78.0,45.0,52.0,58.0,29.0,62.0,18.0,71.0,33.0,29.0,55.0,25.0,40.0,27.0,57.0,37.0,47.0,44.0,31.0,30.0,33.0,70.0,72.0,72.0,36.0,65.0,68.0,36.0,42.0,32.0,41.0,53.0,46.0,52.0,55.0,31.0,44.0,34.0,35.0,91.0,43.0,95.0,33.0,39.0,56.0,44.0,43.0,42.0,42.0,20.0,87.0,45.0,20.0,45.0,50.0,75.0,96.0,51.0,120.0,109.0,147.0,102.0,131.0,117.0,66.0,108.0,132.0,91.0,154.0,97.0,88.0,118.0,71.0,113.0,163.0,123.0,152.0,178.0,51.0,124.0,92.0,32.0,42.0,35.0,115.0,129.0,179.0,214.0,184.0,248.0,194.0,167.0,215.0,68.0,94.0,46.0,72.0,97.0,54.0,81.0,65.0,56.0,49.0,75.0,133.0,157.0,131.0,64.0,37.0,64.0,76.0,26.0,119.0,154.0,146.0,186.0,203.0,152.0,241.0,117.0,232.0,198.0,132.0,236.0,179.0,220.0,152.0,108.0,315.0,147.0,172.0,73.0,58.0,41.0,39.0,131.0,51.0,80.0,36.0,42.0,68.0,48.0,78.0,64.0,35.0,43.0,42.0,45.0,25.0,55.0,73.0,112.0,137.0,183.0,218.0,246.0,155.0,197.0,188.0,167.0,196.0,170.0,130.0,140.0,116.0,136.0,110.0
46.0,43.0,28.0,52.0,24.0,40.0,20.0,27.0,37.0,34.0,20.0,45.0,31.0,33.0,34.0,62.0,34.0,64.0,102.0,44.0,27.0,36.0,29.0,69.0,106.0,37.0,35.0,27.0,61.0,57.0,19.0,71.0,43.0,63.0,37.0,48.0,30.0,34.0,45.0,38.0,37.0,78.0,46.0,19.0,53.0,28.0,22.0,34.0,41.0,71.0,60.0,41.0,37.0,38.0,76.0,46.0,35.0,50.0,45.0,75.0,33.0,55.0,33.0,43.0,86.0,72.0,86.0,54.0,38.0,109.0,165.0,164.0,133.0,71.0,131.0,61.0,117.0,89.0,66.0,143.0,136.0,177.0,184.0,98.0,116.0,121.0,63.0,104.0,205.0,131.0,344.0,246.0,191.0,272.0,197.0,134.0,227.0,92.0,77.0,41.0,107.0,107.0,73.0,50.0,44.0,49.0,84.0,90.0,74.0,91.0,63.0,96.0,53.0,64.0,59.0,32.0,211.0,267.0,246.0,256.0,270.0,200.0,193.0,233.0,148.0,258.0,183.0,178.0,198.0,176.0,231.0,174.0,180.0,219.0,154.0,90.0,73.0,53.0,38.0,39.0,89.0,35.0,40.0,27.0,33.0,60.0,43.0,45.0,47.0,51.0,27.0,28.0,47.0,65.0,120.0,28.0,36.0,75.0,98.0,154.0,85.0,147.0,69.0,143.0,68.0,118.0,69.0,134.0,87.0,102.0,76.0,69.0
67.0,45.0,53.0,29.0,38.0,22.0,93.0,21.0,25.0,33.0,107.0,55.0,32.0,54.0,19.0,24.0,50.0,46.0,29.0,37.0,24.0,35.0,31.0,25.0,57.0,26.0,18.0,47.0,51.0,82.0,31.0,20.0,52.0,100.0,122.0,83.0,49.0,33.0,21.0,64.0,67.0,38.0,44.0,53.0,51.0,32.0,38.0,29.0,57.0,31.0,21.0,103.0,54.0,28.0,38.0,40.0,86.0,83.0,117.0,81.0,105.0,53.0,105.0,124.0,58.0,150.0,104.0,93.0,133.0,54.0,134.0,136.0,117.0,160.0,115.0,137.0,122.0,76.0,37.0,74.0,93.0,165.0,157.0,164.0,166.0,121.0,98.0,74.0,104.0,39.0,47.0,71.0,68.0,40.0,47.0,51.0,62.0,87.0,36.0,62.0,23.0,64.0,42.0,48.0,61.0,41.0,40.0,32.0,33.0,112.0,135.0,162.0,185.0,149.0,207.0,160.0,196.0,169.0,107.0,202.0,184.0,203.0,288.0,150.0,191.0,173.0,92.0,97.0,54.0,21.0,102.0,34.0,76.0,33.0,57.0,36.0,30.0,74.0,76.0,60.0,129.0,94.0,70.0,117.0,49.0,74.0,50.0,29.0,72.0,62.0,30.0,106.0,60.0,71.0,119.0,115.0,91.0,93.0,80.0,94.0,67.0,101.0,60.0,81.0,47.0,58.0,33.0,34.0,73.0,49.0,90.0,21.0
15.0,60.0,33.0,89.0,72.0,53.0,94.0,32.0,71.0,17.0,40.0,27.0,54.0,23.0,28.0,41.0,63.0,42.0,39.0,58.0,30.0,33.0,25.0,41.0,71.0,34.0,26.0,19.0,78.0,66.0,58.0,21.0,40.0,32.0,18.0,43.0,32.0,12.0,63.0,20.0,57.0,40.0,19.0,59.0,53.0,44.0,44.0,58.0,27.0,71.0,50.0,73.0,59.0,176.0,133.0,149.0,125.0,166.0,157.0,139.0,173.0,118.0,141.0,134.0,85.0,160.0,175.0,142.0,188.0,141.0,143.0,46.0,76.0,90.0,72.0,74.0,162.0,122.0,168.0,107.0,152.0,156.0,167.0,168.0,42.0,70.0,29.0,30.0,38.0,80.0,68.0,60.0,66.0,44.0,60.0,64.0,82.0,70.0,175.0,34.0,30.0,80.0,82.0,99.0,35.0,111.0,201.0,210.0,220.0,370.0,245.0,180.0,225.0,159.0,173.0,224.0,153.0,172.0,269.0,239.0,231.0,262.0,256.0,163.0,213.0,137.0,118.0,147.0,68.0,46.0,51.0,111.0,118.0,28.0,148.0,82.0,36.0,130.0,65.0,39.0,46.0,48.0,53.0,56.0,28.0,65.0,106.0,52.0,17.0,139.0,157.0,146.0,193.0,121.0,164.0,124.0,149.0,144.0,145.0,161.0,120.0,109.0,107.0,153.0,85.0,93.0,112.0,137.0,72.0,57.0,49.0,105.0
32.0,89.0,71.0,38.0,41.0,43.0,29.0,43.0,29.0,19.0,39.0,31.0,43.0,26.0,40.0,62.0,54.0,21.0,46.0,104.0,34.0,126.0,46.0,34.0,41.0,48.0,25.0,17.0,38.0,59.0,65.0,40.0,76.0,90.0,25.0,71.0,34.0,28.0,94.0,56.0,80.0,44.0,20.0,72.0,20.0,18.0,39.0,63.0,57.0,64.0,30.0,59.0,42.0,52.0,136.0,181.0,155.0,198.0,236.0,223.0,233.0,102.0,139.0,179.0,127.0,164.0,131.0,121.0,182.0,108.0,143.0,195.0,133.0,141.0,171.0,107.0,98.0,123.0,46.0,146.0,165.0,147.0,303.0,179.0,111.0,230.0,109.0,104.0,38.0,49.0,34.0,43.0,63.0,50.0,24.0,61.0,32.0,83.0,55.0,74.0,84.0,80.0,52.0,24.0,25.0,45.0,165.0,175.0,182.0,218.0,196.0,173.0,276.0,179.0,246.0,193.0,170.0,246.0,161.0,195.0,200.0,170.0,180.0,131.0,170.0,65.0,80.0,46.0,98.0,119.0,26.0,49.0,74.0,62.0,50.0,69.0,46.0,69.0,61.0,51.0,44.0,46.0,35.0,38.0,125.0,95.0,162.0,133.0,193.0,119.0,126.0,49.0,116.0,93.0,88.0,129.0,103.0,61.0,47.0,82.0,70.0,27.0,76.0,23.0,35.0,23.0,79.0,27.0,48.0,36.0,47.0,22.0
35.0,40.0,36.0,53.0,47.0,53.0,64.0,45.0,48.0,34.0,42.0,43.0,34.0,15.0,90.0,52.0,61.0,86.0,99.0,67.0,57.0,25.0,35.0,68.0,63.0,18.0,33.0,47.0,28.0,22.0,34.0,40.0,52.0,42.0,25.0,27.0,59.0,29.0,37.0,32.0,56.0,36.0,81.0,29.0,32.0,40.0,51.0,21.0,105.0,39.0,24.0,13.0,44.0,39.0,63.0,38.0,93.0,108.0,88.0,151.0,197.0,136.0,179.0,164.0,182.0,202.0,110.0,203.0,216.0,178.0,238.0,140.0,160.0,243.0,152.0,189.0,234.0,153.0,158.0,166.0,118.0,107.0,52.0,47.0,105.0,97.0,160.0,145.0,98.0,199.0,135.0,122.0,176.0,59.0,80.0,59.0,81.0,49.0,81.0,47.0,76.0,80.0,40.0,20.0,53.0,59.0,66.0,50.0,42.0,40.0,56.0,60.0,127.0,176.0,222.0,136.0,171.0,220.0,131.0,214.0,114.0,232.0,170.0,173.0,253.0,173.0,201.0,185.0,81.0,188.0,54.0,35.0,43.0,66.0,44.0,55.0,42.0,77.0,39.0,33.0,50.0,56.0,98.0,23.0,54.0,73.0,52.0,21.0,49.0,77.0,135.0,128.0,122.0,115.0,122.0,143.0,152.0,115.0,132.0,144.0,97.0,68.0,75.0,58.0,57.0,55.0,54.0,55.0,28.0,46.0,62.0,69.0
32.0,143.0,51.0,47.0,22.0,138.0,30.0,41.0,61.0,24.0,37.0,59.0,46.0,36.0,47.0,77.0,32.0,55.0,81.0,16.0,44.0,43.0,47.0,87.0,26.0,60.0,52.0,79.0,59.0,25.0,25.0,19.0,78.0,74.0,83.0,50.0,66.0,28.0,57.0,72.0,27.0,60.0,32.0,42.0,18.0,32.0,55.0,47.0,133.0,125.0,128.0,156.0,119.0,145.0,127.0,69.0,175.0,75.0,124.0,132.0,103.0,169.0,124.0,160.0,133.0,80.0,106.0,34.0,53.0,101.0,96.0,160.0,110.0,154.0,128.0,157.0,131.0,88.0,43.0,31.0,57.0,62.0,59.0,61.0,30.0,58.0,58.0,80.0,51.0,89.0,91.0,91.0,96.0,38.0,26.0,31.0,84.0,137.0,211.0,329.0,271.0,162.0,217.0,248.0,242.0,203.0,286.0,292.0,214.0,296.0,223.0,199.0,170.0,200.0,121.0,162.0,106.0,92.0,71.0,40.0,72.0,45.0,86.0,44.0,34.0,83.0,61.0,75.0,46.0,46.0,29.0,24.0,36.0,54.0,102.0,106.0,80.0,144.0,71.0,134.0,55.0,125.0,48.0,104.0,82.0,94.0,55.0,39.0,42.0,33.0,38.0,34.0,69.0,34.0,43.0,34.0,53.0,57.0,76.0,50.0,25.0,32.0,22.0,70.0,49.0,63.0,33.0,36.0,43.0,63.0,33.0,48.0
25.0,37.0,21.0,62.0,22.0,45.0,84.0,57.0,92.0,30.0,38.0,22.0,32.0,33.0,30.0,83.0,96.0,43.0,46.0,44.0,37.0,34.0,48.0,42.0,59.0,41.0,25.0,70.0,72.0,37.0,22.0,54.0,50.0,58.0,39.0,49.0,121.0,41.0,25.0,44.0,35.0,63.0,124.0,40.0,38.0,34.0,25.0,34.0,61.0,65.0,82.0,79.0,99.0,59.0,172.0,108.0,80.0,115.0,117.0,92.0,128.0,122.0,98.0,247.0,102.0,68.0,164.0,79.0,134.0,104.0,54.0,66.0,88.0,106.0,121.0,192.0,126.0,167.0,137.0,82.0,76.0,31.0,28.0,47.0,53.0,72.0,63.0,67.0,92.0,65.0,81.0,45.0,80.0,96.0,46.0,28.0,21.0,84.0,123.0,100.0,198.0,140.0,115.0,179.0,112.0,172.0,126.0,134.0,125.0,104.0,124.0,91.0,89.0,111.0,54.0,73.0,73.0,128.0,123.0,30.0,41.0,79.0,73.0,33.0,61.0,33.0,100.0,88.0,44.0,69.0,37.0,49.0,40.0,43.0,18.0,100.0,88.0,126.0,92.0,153.0,61.0,73.0,88.0,103.0,52.0,38.0,141.0,91.0,95.0,84.0,61.0,44.0,123.0,73.0,75.0,44.0,36.0,104.0,58.0,19.0,25.0,41.0,16.0,65.0,47.0,84.0,70.0,31.0,41.0,137.0,27.0,38.0
35.0,11.0,39.0,39.0,38.0,67.0,72.0,35.0,42.0,72.0,20.0,32.0,64.0,101.0,72.0,59.0,84.0,18.0,27.0,41.0,40.0,102.0,19.0,30.0,63.0,115.0,42.0,55.0,22.0,19.0,79.0,44.0,39.0,42.0,27.0,25.0,62.0,81.0,37.0,24.0,32.0,19.0,68.0,39.0,34.0,39.0,31.0,17.0,21.0,37.0,35.0,49.0,82.0,50.0,103.0,28.0,58.0,38.0,49.0,31.0,43.0,24.0,44.0,65.0,54.0,99.0,103.0,229.0,230.0,296.0,265.0,257.0,229.0,199.0,153.0,86.0,189.0,150.0,150.0,215.0,136.0,108.0,146.0,85.0,116.0,214.0,209.0,320.0,258.0,261.0,299.0,260.0,192.0,137.0,72.0,118.0,87.0,43.0,69.0,91.0,71.0,110.0,84.0,58.0,73.0,101.0,57.0,91.0,84.0,100.0,35.0,140.0,203.0,336.0,376.0,306.0,378.0,338.0,260.0,325.0,363.0,228.0,364.0,330.0,238.0,414.0,410.0,420.0,480.0,433.0,325.0,255.0,227.0,145.0,167.0,78.0,61.0,73.0,61.0,77.0,65.0,51.0,87.0,61.0,126.0,100.0,68.0,72.0,30.0,48.0,93.0,135.0,155.0,236.0,235.0,221.0,217.0,209.0,217.0,153.0,215.0,160.0,205.0,123.0,139.0,126.0,91.0,100.0,112.0,43.0,75.0,56.0
26.0,50.0,37.0,23.0,47.0,94.0,56.0,80.0,68.0,75.0,49.0,34.0,44.0,54.0,24.0,113.0,108.0,62.0,38.0,28.0,81.0,114.0,13.0,50.0,105.0,55.0,19.0,36.0,41.0,45.0,48.0,26.0,96.0,41.0,28.0,30.0,65.0,55.0,36.0,44.0,48.0,97.0,28.0,105.0,40.0,29.0,49.0,34.0,46.0,35.0,35.0,29.0,54.0,28.0,46.0,43.0,23.0,48.0,62.0,74.0,16.0,48.0,35.0,53.0,63.0,43.0,68.0,102.0,53.0,164.0,193.0,127.0,231.0,175.0,116.0,175.0,127.0,241.0,269.0,107.0,230.0,155.0,132.0,294.0,184.0,124.0,118.0,43.0,28.0,73.0,121.0,110.0,260.0,237.0,170.0,260.0,148.0,150.0,144.0,65.0,53.0,125.0,61.0,72.0,55.0,82.0,112.0,79.0,76.0,43.0,39.0,81.0,49.0,31.0,43.0,96.0,266.0,269.0,299.0,328.0,209.0,311.0,262.0,217.0,304.0,146.0,297.0,197.0,224.0,258.0,217.0,168.0,151.0,138.0,131.0,46.0,51.0,37.0,53.0,67.0,40.0,40.0,52.0,85.0,60.0,57.0,71.0,58.0,72.0,55.0,134.0,152.0,158.0,174.0,261.0,139.0,240.0,110.0,223.0,125.0,155.0,153.0,156.0,120.0,70.0,49.0,53.0,43.0,73.0,69.0,88.0,38.0
13.0,39.0,38.0,69.0,44.0,39.0,26.0,39.0,49.0,72.0,45.0,77.0,62.0,77.0,48.0,39.0,17.0,30.0,37.0,44.0,37.0,123.0,65.0,31.0,48.0,34.0,72.0,20.0,38.0,42.0,33.0,32.0,19.0,82.0,23.0,33.0,27.0,47.0,31.0,36.0,46.0,35.0,53.0,42.0,34.0,27.0,77.0,130.0,96.0,102.0,119.0,181.0,64.0,159.0,127.0,76.0,133.0,63.0,122.0,186.0,144.0,166.0,190.0,102.0,176.0,160.0,106.0,78.0,137.0,95.0,69.0,161.0,124.0,143.0,223.0,193.0,112.0,122.0,59.0,100.0,78.0,37.0,51.0,23.0,39.0,118.0,75.0,83.0,37.0,73.0,48.0,54.0,68.0,42.0,29.0,86.0,28.0,111.0,138.0,185.0,265.0,163.0,208.0,173.0,164.0,213.0,131.0,264.0,151.0,252.0,203.0,227.0,212.0,165.0,227.0,172.0,157.0,104.0,103.0,155.0,118.0,29.0,71.0,31.0,86.0,56.0,39.0,38.0,52.0,88.0,69.0,88.0,96.0,42.0,45.0,44.0,106.0,92.0,106.0,114.0,144.0,100.0,90.0,95.0,91.0,83.0,136.0,102.0,55.0,67.0,52.0,75.0,66.0,41.0,47.0,40.0,32.0,32.0,84.0,59.0,54.0,41.0,30.0,50.0,53.0,26.0,65.0,30.0,42.0,46.0,24.0,44.0
85.0,34.0,47.0,19.0,23.0,30.0,32.0,25.0,44.0,40.0,40.0,38.0,74.0,26.0,25.0,17.0,50.0,26.0,77.0,33.0,37.0,48.0,50.0,35.0,62.0,60.0,47.0,127.0,75.0,39.0,41.0,79.0,29.0,21.0,52.0,24.0,22.0,40.0,28.0,89.0,34.0,48.0,41.0,25.0,87.0,18.0,40.0,48.0,32.0,30.0,29.0,46.0,65.0,74.0,52.0,50.0,54.0,26.0,23.0,61.0,26.0,51.0,44.0,37.0,60.0,58.0,131.0,130.0,131.0,152.0,202.0,153.0,115.0,136.0,229.0,167.0,185.0,177.0,132.0,195.0,197.0,162.0,248.0,183.0,115.0,184.0,89.0,67.0,156.0,94.0,129.0,180.0,253.0,239.0,296.0,237.0,147.0,133.0,124.0,62.0,98.0,96.0,87.0,115.0,65.0,73.0,47.0,91.0,33.0,64.0,80.0,89.0,114.0,47.0,44.0,46.0,72.0,198.0,237.0,219.0,285.0,155.0,347.0,206.0,175.0,187.0,195.0,288.0,181.0,149.0,165.0,148.0,129.0,108.0,116.0,67.0,39.0,80.0,40.0,43.0,38.0,68.0,38.0,35.0,73.0,52.0,38.0,46.0,51.0,31.0,95.0,236.0,186.0,203.0,117.0,183.0,109.0,202.0,148.0,182.0,100.0,135.0,80.0,81.0,61.0,55.0,49.0,31.0,77.0,62.0,100.0,44.0
28.0,29.0,41.0,69.0,28.0,47.0,41.0,24.0,43.0,72.0,84.0,23.0,45.0,60.0,25.0,53.0,27.0,20.0,54.0,42.0,72.0,72.0,32.0,39.0,31.0,56.0,31.0,60.0,135.0,24.0,35.0,46.0,29.0,77.0,29.0,42.0,53.0,26.0,37.0,39.0,37.0,28.0,22.0,49.0,29.0,37.0,63.0,26.0,14.0,22.0,50.0,163.0,87.0,198.0,248.0,210.0,277.0,239.0,254.0,254.0,154.0,256.0,327.0,200.0,314.0,338.0,191.0,259.0,291.0,126.0,153.0,165.0,98.0,83.0,103.0,70.0,180.0,200.0,131.0,277.0,306.0,119.0,190.0,127.0,67.0,73.0,36.0,136.0,34.0,80.0,71.0,70.0,95.0,66.0,72.0,73.0,63.0,59.0,77.0,29.0,33.0,65.0,222.0,269.0,204.0,217.0,170.0,249.0,189.0,164.0,228.0,143.0,251.0,111.0,218.0,158.0,156.0,194.0,163.0,130.0,46.0,45.0,57.0,63.0,47.0,29.0,31.0,43.0,66.0,44.0,98.0,89.0,89.0,48.0,82.0,60.0,173.0,97.0,106.0,138.0,113.0,106.0,109.0,122.0,111.0,106.0,112.0,93.0,78.0,85.0,62.0,63.0,29.0,52.0,59.0,49.0,86.0,36.0,37.0,45.0,20.0,88.0,53.0,31.0,60.0,39.0,18.0,45.0,27.0,70.0,27.0,60.0
