40.0,64.0,50.0,49.0,59.0,41.0,65.0,46.0,46.0,54.0,16.0,41.0,20.0,33.0,36.0,72.0,28.0,65.0,44.0,65.0,44.0,43.0,64.0,49.0,38.0,38.0,54.0,57.0,32.0,44.0,33.0,47.0,32.0,36.0,33.0,60.0,64.0,84.0,67.0,29.0,63.0,38.0,46.0,90.0,28.0,53.0,69.0,36.0,30.0,48.0,51.0,34.0,37.0,90.0,56.0,84.0,41.0,48.0,76.0,46.0,27.0,55.0,38.0,57.0,21.0,19.0,50.0,29.0,63.0,33.0,101.0,53.0,62.0,34.0,31.0,58.0,46.0,68.0,66.0,44.0,42.0,30.0,94.0,67.0,61.0,77.0,17.0,41.0,38.0,62.0,50.0,31.0,44.0,63.0,46.0,53.0,63.0,51.0,69.0,50.0,46.0,64.0,32.0,43.0,64.0,52.0,39.0,56.0,83.0,58.0,80.0,43.0,68.0,48.0,72.0,141.0,58.0,96.0,47.0,41.0,98.0,112.0,62.0,36.0,93.0,96.0,60.0,50.0,135.0,44.0,89.0,22.0,26.0,44.0,41.0,42.0,43.0,74.0,35.0,30.0,80.0,55.0,43.0,20.0,60.0,29.0,65.0,51.0,29.0,48.0,67.0,24.0,36.0,59.0,69.0,46.0,55.0,18.0,50.0,48.0,72.0,43.0,28.0,74.0,52.0,43.0,27.0,54.0,24.0,23.0,31.0,32.0
51.0,51.0,88.0,120.0,41.0,53.0,57.0,41.0,70.0,25.0,47.0,41.0,34.0,53.0,26.0,11.0,47.0,42.0,57.0,106.0,101.0,57.0,83.0,36.0,25.0,64.0,44.0,38.0,83.0,97.0,35.0,32.0,47.0,36.0,57.0,39.0,42.0,58.0,52.0,56.0,98.0,22.0,42.0,43.0,70.0,63.0,22.0,60.0,24.0,33.0,49.0,24.0,55.0,60.0,71.0,106.0,28.0,46.0,38.0,24.0,55.0,32.0,36.0,53.0,62.0,106.0,56.0,82.0,105.0,54.0,125.0,342.0,251.0,404.0,404.0,278.0,569.0,271.0,395.0,358.0,245.0,394.0,210.0,338.0,166.0,392.0,135.0,356.0,106.0,279.0,92.0,143.0,86.0,61.0,61.0,117.0,64.0,55.0,57.0,46.0,38.0,87.0,46.0,44.0,55.0,44.0,45.0,50.0,27.0,59.0,65.0,35.0,54.0,38.0,39.0,64.0,29.0,21.0,33.0,19.0,89.0,69.0,69.0,58.0,30.0,45.0,69.0,101.0,33.0,63.0,24.0,53.0,94.0,29.0,41.0,38.0,33.0,62.0,98.0,61.0,80.0,82.0,63.0,88.0,31.0,33.0,39.0,73.0,100.0,53.0,95.0,77.0,96.0,108.0,49.0,42.0,37.0,37.0,84.0,69.0,50.0,72.0,21.0,42.0,25.0,77.0,57.0,46.0,56.0,28.0,38.0,26.0
36.0,37.0,41.0,38.0,30.0,30.0,66.0,37.0,32.0,59.0,51.0,27.0,28.0,29.0,27.0,49.0,45.0,41.0,56.0,33.0,72.0,40.0,40.0,24.0,25.0,56.0,46.0,31.0,79.0,87.0,37.0,21.0,29.0,58.0,40.0,82.0,23.0,34.0,25.0,63.0,51.0,25.0,36.0,46.0,49.0,34.0,30.0,26.0,26.0,39.0,36.0,52.0,33.0,62.0,51.0,77.0,29.0,43.0,33.0,25.0,41.0,45.0,22.0,50.0,42.0,154.0,317.0,216.0,276.0,235.0,311.0,164.0,255.0,159.0,236.0,80.0,217.0,90.0,182.0,80.0,219.0,138.0,163.0,95.0,96.0,129.0,84.0,47.0,75.0,31.0,59.0,29.0,97.0,64.0,37.0,62.0,18.0,103.0,44.0,38.0,21.0,60.0,54.0,54.0,49.0,54.0,53.0,70.0,32.0,32.0,59.0,51.0,43.0,22.0,50.0,26.0,37.0,61.0,44.0,32.0,25.0,35.0,29.0,20.0,69.0,52.0,25.0,94.0,52.0,34.0,47.0,28.0,41.0,58.0,57.0,53.0,53.0,54.0,81.0,93.0,68.0,25.0,36.0,36.0,45.0,39.0,24.0,59.0,41.0,33.0,36.0,40.0,25.0,14.0,101.0,54.0,39.0,28.0,33.0,39.0,45.0,44.0,27.0,44.0,55.0,27.0,68.0,25.0,53.0,66.0,45.0,46.0
41.0,85.0,59.0,77.0,37.0,64.0,33.0,44.0,60.0,23.0,43.0,32.0,62.0,37.0,68.0,45.0,31.0,32.0,97.0,60.0,72.0,54.0,45.0,52.0,41.0,67.0,31.0,45.0,32.0,126.0,49.0,53.0,50.0,50.0,35.0,17.0,40.0,63.0,40.0,51.0,24.0,32.0,26.0,31.0,37.0,26.0,81.0,42.0,47.0,35.0,56.0,38.0,36.0,49.0,32.0,49.0,43.0,51.0,41.0,117.0,52.0,26.0,46.0,94.0,55.0,81.0,72.0,59.0,57.0,21.0,68.0,275.0,506.0,286.0,492.0,468.0,341.0,602.0,324.0,346.0,327.0,230.0,356.0,129.0,319.0,152.0,298.0,141.0,240.0,114.0,246.0,117.0,130.0,37.0,37.0,39.0,38.0,48.0,77.0,38.0,42.0,61.0,39.0,47.0,58.0,74.0,39.0,58.0,87.0,32.0,78.0,64.0,36.0,38.0,42.0,43.0,51.0,41.0,27.0,71.0,27.0,57.0,52.0,25.0,31.0,49.0,55.0,38.0,43.0,89.0,71.0,22.0,52.0,57.0,49.0,45.0,33.0,28.0,48.0,32.0,78.0,58.0,43.0,28.0,21.0,37.0,43.0,22.0,64.0,35.0,20.0,38.0,34.0,31.0,34.0,56.0,63.0,38.0,31.0,36.0,56.0,42.0,31.0,30.0,34.0,42.0,82.0,27.0,36.0,42.0,38.0,32.0
104.0,51.0,32.0,128.0,56.0,39.0,53.0,85.0,48.0,63.0,85.0,75.0,73.0,68.0,63.0,30.0,55.0,46.0,54.0,45.0,119.0,52.0,93.0,39.0,65.0,57.0,38.0,26.0,30.0,46.0,51.0,37.0,38.0,20.0,13.0,52.0,48.0,43.0,22.0,32.0,51.0,78.0,87.0,22.0,75.0,46.0,21.0,25.0,39.0,72.0,23.0,30.0,50.0,28.0,62.0,38.0,87.0,59.0,39.0,61.0,34.0,48.0,44.0,43.0,38.0,58.0,33.0,39.0,86.0,93.0,41.0,29.0,42.0,99.0,51.0,210.0,210.0,361.0,246.0,364.0,331.0,208.0,428.0,228.0,295.0,302.0,212.0,261.0,165.0,224.0,119.0,181.0,100.0,53.0,108.0,107.0,47.0,42.0,49.0,38.0,44.0,56.0,79.0,19.0,38.0,58.0,66.0,85.0,92.0,79.0,145.0,89.0,63.0,86.0,122.0,64.0,72.0,92.0,98.0,58.0,89.0,91.0,54.0,109.0,67.0,95.0,57.0,45.0,66.0,58.0,90.0,74.0,73.0,36.0,51.0,32.0,49.0,31.0,68.0,59.0,55.0,76.0,67.0,62.0,101.0,41.0,57.0,88.0,46.0,103.0,46.0,55.0,34.0,56.0,47.0,58.0,42.0,68.0,30.0,23.0,68.0,27.0,52.0,57.0,59.0,39.0,61.0,40.0,92.0,60.0,81.0,51.0
49.0,32.0,71.0,60.0,36.0,41.0,31.0,33.0,56.0,33.0,71.0,52.0,100.0,58.0,27.0,68.0,76.0,73.0,51.0,70.0,35.0,27.0,54.0,32.0,53.0,61.0,29.0,74.0,42.0,60.0,93.0,108.0,35.0,79.0,60.0,31.0,56.0,42.0,74.0,61.0,21.0,53.0,36.0,43.0,62.0,83.0,32.0,19.0,43.0,124.0,74.0,86.0,47.0,49.0,62.0,80.0,48.0,43.0,42.0,13.0,29.0,34.0,55.0,48.0,56.0,83.0,40.0,57.0,148.0,57.0,43.0,105.0,58.0,49.0,57.0,70.0,74.0,89.0,75.0,79.0,39.0,70.0,31.0,53.0,94.0,88.0,268.0,519.0,336.0,278.0,417.0,289.0,375.0,389.0,226.0,421.0,269.0,231.0,272.0,132.0,289.0,133.0,256.0,105.0,194.0,150.0,173.0,115.0,157.0,84.0,38.0,40.0,49.0,60.0,87.0,35.0,46.0,31.0,58.0,74.0,29.0,71.0,48.0,49.0,71.0,89.0,104.0,76.0,30.0,37.0,64.0,57.0,33.0,59.0,51.0,36.0,43.0,30.0,35.0,59.0,48.0,84.0,58.0,59.0,95.0,62.0,74.0,91.0,86.0,50.0,76.0,84.0,101.0,66.0,75.0,63.0,69.0,68.0,72.0,97.0,100.0,79.0,138.0,96.0,55.0,69.0,52.0,57.0,53.0,54.0,63.0,64.0
67.0,35.0,38.0,36.0,64.0,36.0,39.0,22.0,22.0,41.0,85.0,50.0,31.0,28.0,46.0,25.0,21.0,33.0,31.0,34.0,37.0,63.0,22.0,35.0,59.0,30.0,54.0,26.0,31.0,32.0,63.0,41.0,34.0,33.0,58.0,50.0,28.0,22.0,93.0,31.0,48.0,69.0,67.0,42.0,50.0,25.0,32.0,19.0,24.0,68.0,25.0,47.0,116.0,96.0,43.0,28.0,51.0,50.0,53.0,85.0,50.0,37.0,334.0,436.0,553.0,689.0,420.0,437.0,594.0,524.0,449.0,588.0,421.0,499.0,474.0,316.0,522.0,280.0,322.0,337.0,229.0,248.0,152.0,212.0,104.0,72.0,39.0,34.0,69.0,21.0,45.0,31.0,61.0,24.0,32.0,40.0,47.0,29.0,75.0,39.0,46.0,37.0,35.0,70.0,81.0,29.0,28.0,42.0,80.0,43.0,75.0,100.0,53.0,49.0,42.0,52.0,58.0,47.0,59.0,74.0,65.0,64.0,57.0,75.0,90.0,89.0,74.0,85.0,88.0,60.0,72.0,96.0,67.0,72.0,69.0,78.0,83.0,74.0,86.0,56.0,89.0,50.0,67.0,86.0,58.0,58.0,69.0,97.0,51.0,61.0,62.0,50.0,75.0,40.0,69.0,54.0,62.0,44.0,76.0,67.0,45.0,58.0,39.0,49.0,44.0,51.0,68.0,67.0,38.0,49.0,59.0,68.0
32.0,49.0,57.0,55.0,70.0,69.0,46.0,52.0,30.0,54.0,27.0,42.0,30.0,42.0,59.0,24.0,51.0,28.0,41.0,68.0,30.0,47.0,34.0,99.0,24.0,41.0,55.0,40.0,37.0,85.0,26.0,49.0,44.0,98.0,49.0,49.0,84.0,45.0,54.0,23.0,35.0,43.0,17.0,79.0,56.0,46.0,63.0,25.0,16.0,42.0,53.0,33.0,44.0,61.0,70.0,58.0,41.0,35.0,39.0,77.0,50.0,34.0,91.0,51.0,62.0,36.0,34.0,65.0,312.0,514.0,323.0,469.0,483.0,281.0,576.0,448.0,283.0,378.0,131.0,403.0,152.0,385.0,243.0,296.0,210.0,228.0,162.0,168.0,86.0,52.0,65.0,50.0,39.0,39.0,32.0,70.0,35.0,22.0,28.0,24.0,38.0,44.0,43.0,28.0,69.0,49.0,68.0,49.0,52.0,52.0,36.0,42.0,40.0,72.0,73.0,30.0,57.0,35.0,26.0,90.0,73.0,36.0,55.0,38.0,42.0,36.0,18.0,42.0,21.0,84.0,32.0,31.0,29.0,49.0,90.0,55.0,86.0,23.0,33.0,31.0,99.0,25.0,73.0,35.0,50.0,52.0,58.0,38.0,29.0,36.0,83.0,30.0,29.0,32.0,69.0,52.0,31.0,31.0,68.0,20.0,51.0,48.0,53.0,25.0,28.0,21.0,45.0,26.0,34.0,42.0,55.0,26.0
53.0,46.0,74.0,60.0,67.0,55.0,39.0,58.0,56.0,33.0,14.0,53.0,90.0,21.0,24.0,27.0,56.0,51.0,56.0,76.0,41.0,41.0,21.0,46.0,34.0,48.0,50.0,34.0,44.0,25.0,57.0,86.0,35.0,57.0,42.0,82.0,31.0,52.0,54.0,81.0,103.0,31.0,60.0,54.0,50.0,25.0,59.0,56.0,43.0,22.0,35.0,59.0,68.0,55.0,48.0,43.0,51.0,60.0,50.0,75.0,50.0,44.0,56.0,52.0,71.0,247.0,256.0,266.0,441.0,282.0,423.0,344.0,219.0,334.0,148.0,377.0,189.0,261.0,265.0,140.0,198.0,100.0,158.0,76.0,94.0,52.0,63.0,41.0,39.0,25.0,67.0,58.0,30.0,58.0,44.0,35.0,23.0,27.0,27.0,93.0,45.0,45.0,68.0,70.0,86.0,52.0,46.0,78.0,39.0,64.0,33.0,43.0,32.0,46.0,43.0,60.0,77.0,62.0,55.0,57.0,36.0,24.0,38.0,15.0,41.0,37.0,62.0,29.0,24.0,70.0,50.0,40.0,30.0,65.0,34.0,89.0,58.0,85.0,80.0,33.0,60.0,86.0,71.0,39.0,31.0,57.0,37.0,53.0,37.0,69.0,27.0,71.0,23.0,30.0,410.0,665.0,647.0,716.0,681.0,465.0,264.0,267.0,303.0,159.0,270.0,227.0,193.0,260.0,238.0,217.0,314.0,272.0
38.0,52.0,52.0,45.0,45.0,30.0,79.0,50.0,56.0,48.0,49.0,43.0,73.0,21.0,33.0,77.0,63.0,33.0,30.0,24.0,45.0,59.0,46.0,21.0,34.0,24.0,23.0,16.0,37.0,56.0,19.0,63.0,36.0,24.0,65.0,33.0,90.0,40.0,120.0,61.0,85.0,33.0,32.0,33.0,62.0,67.0,52.0,33.0,27.0,57.0,44.0,34.0,51.0,36.0,40.0,51.0,48.0,74.0,34.0,54.0,39.0,15.0,29.0,40.0,51.0,37.0,53.0,83.0,57.0,58.0,44.0,40.0,52.0,56.0,37.0,66.0,57.0,56.0,39.0,50.0,66.0,264.0,389.0,217.0,364.0,381.0,201.0,434.0,308.0,317.0,373.0,205.0,392.0,181.0,377.0,239.0,330.0,214.0,221.0,171.0,226.0,121.0,86.0,58.0,52.0,25.0,27.0,76.0,65.0,83.0,30.0,34.0,62.0,117.0,28.0,136.0,48.0,48.0,41.0,28.0,49.0,80.0,57.0,100.0,62.0,69.0,57.0,46.0,41.0,51.0,53.0,50.0,46.0,43.0,52.0,49.0,68.0,36.0,46.0,81.0,46.0,85.0,67.0,43.0,34.0,64.0,65.0,38.0,102.0,34.0,33.0,61.0,41.0,34.0,39.0,52.0,91.0,32.0,73.0,53.0,59.0,60.0,34.0,40.0,59.0,48.0,23.0,37.0,29.0,48.0,31.0,34.0
87.0,36.0,72.0,29.0,63.0,64.0,27.0,69.0,31.0,41.0,50.0,83.0,38.0,49.0,32.0,62.0,25.0,18.0,29.0,56.0,43.0,32.0,33.0,37.0,93.0,65.0,53.0,40.0,53.0,51.0,52.0,56.0,56.0,80.0,53.0,49.0,64.0,48.0,53.0,46.0,34.0,52.0,33.0,31.0,47.0,23.0,81.0,43.0,65.0,29.0,31.0,76.0,43.0,60.0,45.0,41.0,47.0,36.0,32.0,42.0,45.0,34.0,45.0,20.0,52.0,27.0,31.0,38.0,29.0,54.0,60.0,45.0,25.0,25.0,28.0,24.0,73.0,26.0,60.0,54.0,30.0,16.0,51.0,39.0,62.0,43.0,84.0,44.0,54.0,59.0,63.0,41.0,72.0,257.0,296.0,598.0,569.0,493.0,569.0,501.0,341.0,616.0,411.0,266.0,490.0,209.0,423.0,171.0,363.0,331.0,216.0,296.0,149.0,163.0,99.0,110.0,69.0,86.0,77.0,67.0,59.0,46.0,84.0,35.0,56.0,63.0,71.0,87.0,43.0,17.0,42.0,36.0,73.0,53.0,71.0,101.0,44.0,31.0,35.0,76.0,30.0,26.0,69.0,36.0,42.0,18.0,34.0,45.0,32.0,55.0,56.0,35.0,44.0,86.0,77.0,29.0,19.0,68.0,73.0,34.0,61.0,49.0,22.0,42.0,49.0,25.0,51.0,39.0,35.0,25.0,43.0,31.0
31.0,18.0,29.0,47.0,46.0,36.0,30.0,29.0,77.0,32.0,40.0,70.0,25.0,47.0,38.0,48.0,29.0,37.0,28.0,28.0,25.0,36.0,46.0,81.0,20.0,43.0,50.0,25.0,54.0,50.0,26.0,80.0,57.0,47.0,50.0,61.0,101.0,75.0,57.0,51.0,40.0,62.0,34.0,50.0,37.0,32.0,50.0,34.0,32.0,72.0,45.0,72.0,38.0,43.0,49.0,28.0,64.0,52.0,56.0,31.0,33.0,56.0,44.0,43.0,32.0,20.0,44.0,43.0,39.0,40.0,36.0,21.0,20.0,27.0,35.0,44.0,41.0,40.0,57.0,105.0,33.0,28.0,37.0,40.0,40.0,66.0,45.0,40.0,19.0,22.0,57.0,42.0,22.0,51.0,43.0,42.0,42.0,39.0,85.0,38.0,29.0,71.0,52.0,42.0,62.0,32.0,32.0,25.0,58.0,31.0,24.0,29.0,41.0,43.0,36.0,19.0,58.0,51.0,35.0,93.0,40.0,41.0,28.0,18.0,81.0,31.0,52.0,40.0,39.0,37.0,37.0,38.0,27.0,30.0,40.0,32.0,67.0,106.0,43.0,36.0,51.0,60.0,73.0,49.0,54.0,60.0,55.0,32.0,47.0,31.0,36.0,65.0,52.0,37.0,56.0,35.0,62.0,37.0,53.0,45.0,28.0,40.0,31.0,32.0,35.0,59.0,57.0,37.0,89.0,44.0,57.0,47.0
44.0,45.0,40.0,38.0,82.0,97.0,74.0,38.0,54.0,58.0,101.0,46.0,27.0,89.0,31.0,71.0,69.0,71.0,64.0,64.0,35.0,44.0,80.0,87.0,74.0,62.0,39.0,30.0,21.0,87.0,48.0,44.0,34.0,56.0,32.0,37.0,70.0,51.0,28.0,53.0,76.0,116.0,30.0,53.0,56.0,88.0,113.0,60.0,71.0,62.0,77.0,79.0,47.0,25.0,72.0,46.0,42.0,48.0,31.0,38.0,46.0,64.0,53.0,23.0,39.0,39.0,45.0,55.0,47.0,42.0,42.0,22.0,62.0,19.0,36.0,58.0,85.0,89.0,26.0,18.0,45.0,22.0,48.0,41.0,49.0,80.0,35.0,31.0,44.0,37.0,99.0,38.0,55.0,64.0,83.0,69.0,96.0,83.0,217.0,172.0,441.0,295.0,359.0,401.0,228.0,461.0,402.0,265.0,405.0,216.0,450.0,123.0,337.0,281.0,271.0,233.0,213.0,94.0,188.0,107.0,96.0,68.0,53.0,20.0,34.0,39.0,47.0,26.0,21.0,36.0,36.0,111.0,38.0,65.0,58.0,84.0,90.0,75.0,132.0,64.0,76.0,87.0,57.0,59.0,60.0,98.0,60.0,37.0,89.0,65.0,58.0,35.0,57.0,75.0,32.0,111.0,69.0,100.0,50.0,58.0,127.0,63.0,62.0,128.0,79.0,46.0,72.0,64.0,73.0,36.0,54.0,82.0
81.0,69.0,20.0,63.0,48.0,22.0,28.0,44.0,99.0,21.0,40.0,42.0,31.0,69.0,31.0,74.0,31.0,44.0,59.0,47.0,49.0,33.0,46.0,44.0,53.0,80.0,51.0,68.0,46.0,29.0,24.0,32.0,181.0,74.0,78.0,32.0,29.0,94.0,60.0,32.0,48.0,37.0,45.0,50.0,13.0,25.0,62.0,50.0,29.0,19.0,44.0,20.0,29.0,35.0,44.0,44.0,29.0,68.0,65.0,42.0,124.0,300.0,191.0,415.0,340.0,343.0,385.0,182.0,492.0,229.0,341.0,321.0,220.0,332.0,168.0,365.0,109.0,307.0,112.0,198.0,73.0,36.0,70.0,63.0,60.0,43.0,20.0,60.0,46.0,44.0,31.0,39.0,92.0,18.0,44.0,34.0,23.0,62.0,38.0,78.0,46.0,69.0,43.0,51.0,49.0,57.0,68.0,69.0,57.0,38.0,43.0,80.0,50.0,47.0,41.0,58.0,26.0,43.0,52.0,42.0,49.0,56.0,38.0,34.0,44.0,72.0,89.0,38.0,54.0,16.0,34.0,60.0,32.0,51.0,84.0,94.0,33.0,30.0,70.0,60.0,29.0,16.0,39.0,34.0,88.0,19.0,29.0,35.0,38.0,60.0,74.0,58.0,73.0,36.0,53.0,28.0,58.0,41.0,74.0,28.0,50.0,16.0,56.0,70.0,31.0,25.0,51.0,66.0,25.0,79.0,51.0,23.0
42.0,48.0,62.0,32.0,22.0,34.0,21.0,50.0,71.0,42.0,30.0,31.0,48.0,54.0,22.0,14.0,103.0,44.0,31.0,49.0,43.0,72.0,34.0,41.0,42.0,50.0,26.0,50.0,46.0,71.0,24.0,47.0,28.0,36.0,34.0,66.0,67.0,67.0,69.0,33.0,52.0,48.0,45.0,20.0,55.0,51.0,62.0,59.0,46.0,39.0,90.0,67.0,29.0,40.0,31.0,73.0,29.0,145.0,360.0,182.0,498.0,401.0,284.0,537.0,300.0,375.0,378.0,182.0,420.0,221.0,349.0,257.0,288.0,110.0,221.0,90.0,46.0,28.0,29.0,52.0,37.0,39.0,51.0,30.0,35.0,37.0,22.0,111.0,49.0,40.0,62.0,27.0,72.0,74.0,36.0,57.0,28.0,50.0,41.0,35.0,30.0,23.0,22.0,28.0,73.0,34.0,41.0,40.0,40.0,50.0,37.0,40.0,56.0,56.0,52.0,47.0,38.0,30.0,77.0,37.0,41.0,40.0,64.0,28.0,42.0,43.0,57.0,73.0,36.0,65.0,59.0,49.0,38.0,26.0,43.0,30.0,24.0,62.0,41.0,26.0,102.0,72.0,29.0,28.0,25.0,116.0,50.0,52.0,53.0,31.0,40.0,38.0,33.0,29.0,35.0,18.0,34.0,22.0,57.0,37.0,52.0,50.0,35.0,71.0,60.0,34.0,60.0,47.0,21.0,38.0,68.0,53.0
34.0,49.0,63.0,31.0,50.0,58.0,35.0,34.0,28.0,27.0,54.0,37.0,33.0,75.0,94.0,29.0,29.0,38.0,40.0,84.0,35.0,53.0,27.0,23.0,44.0,30.0,46.0,26.0,48.0,38.0,88.0,67.0,45.0,22.0,69.0,32.0,66.0,52.0,62.0,43.0,47.0,35.0,77.0,33.0,24.0,28.0,40.0,30.0,25.0,55.0,21.0,50.0,86.0,72.0,73.0,58.0,30.0,53.0,55.0,41.0,37.0,25.0,83.0,39.0,268.0,344.0,242.0,479.0,404.0,245.0,487.0,280.0,373.0,367.0,216.0,401.0,140.0,369.0,172.0,322.0,141.0,250.0,94.0,62.0,53.0,67.0,43.0,46.0,79.0,27.0,36.0,28.0,59.0,80.0,43.0,56.0,30.0,35.0,24.0,47.0,53.0,41.0,73.0,51.0,83.0,56.0,47.0,21.0,49.0,67.0,28.0,38.0,42.0,40.0,54.0,40.0,56.0,37.0,30.0,26.0,25.0,28.0,29.0,31.0,44.0,31.0,27.0,65.0,43.0,22.0,35.0,48.0,87.0,53.0,32.0,54.0,46.0,15.0,65.0,33.0,39.0,32.0,32.0,43.0,30.0,34.0,41.0,106.0,37.0,55.0,42.0,78.0,40.0,54.0,29.0,63.0,38.0,38.0,53.0,18.0,23.0,45.0,39.0,43.0,72.0,54.0,46.0,92.0,32.0,21.0,43.0,79.0
34.0,17.0,61.0,34.0,24.0,40.0,42.0,32.0,29.0,33.0,47.0,61.0,53.0,31.0,32.0,58.0,27.0,57.0,61.0,42.0,42.0,56.0,61.0,56.0,69.0,47.0,56.0,42.0,110.0,56.0,50.0,71.0,48.0,24.0,22.0,115.0,12.0,29.0,27.0,44.0,25.0,38.0,37.0,37.0,52.0,27.0,57.0,16.0,26.0,27.0,41.0,27.0,31.0,60.0,37.0,57.0,64.0,60.0,27.0,47.0,46.0,56.0,44.0,53.0,67.0,34.0,35.0,25.0,50.0,31.0,35.0,62.0,179.0,208.0,326.0,306.0,194.0,348.0,119.0,350.0,195.0,300.0,254.0,193.0,258.0,202.0,47.0,97.0,100.0,198.0,46.0,42.0,49.0,47.0,22.0,56.0,61.0,55.0,53.0,133.0,98.0,157.0,142.0,58.0,115.0,86.0,102.0,112.0,117.0,114.0,100.0,61.0,53.0,109.0,121.0,89.0,77.0,61.0,37.0,119.0,88.0,59.0,39.0,73.0,37.0,109.0,71.0,105.0,31.0,52.0,60.0,81.0,46.0,56.0,85.0,85.0,73.0,58.0,44.0,49.0,64.0,50.0,40.0,63.0,30.0,49.0,39.0,67.0,38.0,36.0,68.0,41.0,37.0,49.0,52.0,44.0,86.0,34.0,18.0,49.0,29.0,119.0,64.0,23.0,79.0,35.0,32.0,43.0,22.0,58.0,38.0,44.0
52.0,20.0,82.0,34.0,88.0,71.0,47.0,37.0,47.0,32.0,78.0,52.0,38.0,99.0,25.0,38.0,98.0,58.0,52.0,60.0,40.0,54.0,43.0,56.0,31.0,51.0,72.0,74.0,61.0,58.0,77.0,58.0,87.0,82.0,27.0,49.0,20.0,66.0,63.0,42.0,42.0,24.0,34.0,50.0,20.0,65.0,16.0,56.0,41.0,46.0,41.0,65.0,37.0,63.0,60.0,64.0,93.0,70.0,51.0,46.0,112.0,18.0,65.0,19.0,75.0,55.0,92.0,112.0,65.0,39.0,60.0,76.0,26.0,39.0,53.0,54.0,232.0,474.0,174.0,295.0,469.0,278.0,417.0,197.0,486.0,175.0,407.0,270.0,289.0,328.0,217.0,359.0,203.0,379.0,136.0,363.0,165.0,124.0,137.0,110.0,111.0,97.0,117.0,90.0,120.0,122.0,95.0,102.0,53.0,78.0,82.0,46.0,59.0,60.0,53.0,87.0,80.0,97.0,49.0,46.0,106.0,44.0,45.0,52.0,26.0,48.0,118.0,103.0,101.0,72.0,52.0,120.0,86.0,111.0,88.0,87.0,83.0,59.0,63.0,60.0,50.0,30.0,38.0,62.0,38.0,37.0,45.0,38.0,37.0,42.0,16.0,29.0,57.0,53.0,53.0,41.0,102.0,83.0,136.0,125.0,169.0,189.0,196.0,176.0,171.0,155.0,151.0,163.0,147.0,183.0,154.0,157.0
27.0,42.0,40.0,18.0,24.0,49.0,62.0,65.0,73.0,58.0,87.0,49.0,72.0,64.0,54.0,32.0,62.0,61.0,81.0,63.0,51.0,44.0,56.0,51.0,36.0,40.0,63.0,26.0,37.0,34.0,39.0,24.0,44.0,65.0,34.0,32.0,42.0,33.0,24.0,48.0,45.0,64.0,29.0,44.0,44.0,45.0,30.0,55.0,76.0,40.0,76.0,68.0,138.0,34.0,137.0,27.0,59.0,64.0,36.0,70.0,56.0,41.0,99.0,322.0,209.0,499.0,370.0,283.0,430.0,178.0,370.0,314.0,180.0,347.0,181.0,259.0,175.0,96.0,172.0,102.0,117.0,203.0,111.0,58.0,63.0,46.0,111.0,102.0,56.0,97.0,103.0,87.0,56.0,70.0,125.0,66.0,118.0,78.0,127.0,92.0,118.0,98.0,74.0,67.0,57.0,118.0,72.0,74.0,67.0,87.0,63.0,96.0,85.0,115.0,50.0,136.0,136.0,72.0,52.0,88.0,109.0,68.0,108.0,71.0,24.0,78.0,68.0,57.0,75.0,94.0,58.0,84.0,59.0,102.0,69.0,87.0,68.0,78.0,89.0,73.0,52.0,64.0,91.0,79.0,50.0,84.0,72.0,98.0,73.0,68.0,79.0,48.0,39.0,46.0,36.0,112.0,72.0,59.0,56.0,62.0,53.0,56.0,52.0,31.0,41.0,70.0,87.0,56.0,44.0,33.0,94.0,81.0
54.0,36.0,45.0,46.0,54.0,31.0,33.0,46.0,20.0,32.0,32.0,37.0,21.0,42.0,15.0,43.0,30.0,79.0,17.0,38.0,62.0,41.0,55.0,19.0,31.0,24.0,38.0,69.0,44.0,59.0,47.0,89.0,39.0,30.0,55.0,77.0,51.0,64.0,42.0,34.0,39.0,38.0,58.0,54.0,54.0,40.0,25.0,48.0,44.0,34.0,68.0,33.0,25.0,18.0,51.0,33.0,26.0,67.0,26.0,33.0,41.0,56.0,87.0,52.0,29.0,44.0,61.0,64.0,75.0,81.0,79.0,69.0,97.0,76.0,62.0,53.0,68.0,81.0,75.0,77.0,42.0,94.0,158.0,355.0,412.0,411.0,557.0,488.0,285.0,522.0,424.0,337.0,429.0,366.0,251.0,517.0,375.0,248.0,378.0,126.0,356.0,102.0,152.0,45.0,67.0,71.0,63.0,35.0,50.0,51.0,76.0,55.0,41.0,94.0,55.0,67.0,34.0,53.0,54.0,101.0,40.0,92.0,91.0,92.0,81.0,84.0,104.0,76.0,28.0,62.0,76.0,48.0,33.0,30.0,48.0,33.0,44.0,81.0,50.0,38.0,53.0,56.0,46.0,77.0,75.0,53.0,83.0,32.0,71.0,60.0,58.0,61.0,72.0,87.0,67.0,31.0,43.0,40.0,91.0,29.0,41.0,17.0,48.0,38.0,37.0,33.0,49.0,27.0,53.0,41.0,43.0,28.0
197.0,127.0,162.0,154.0,177.0,144.0,144.0,133.0,130.0,127.0,119.0,114.0,90.0,87.0,88.0,52.0,54.0,43.0,107.0,93.0,51.0,131.0,82.0,89.0,76.0,64.0,63.0,116.0,45.0,48.0,63.0,52.0,61.0,73.0,86.0,79.0,60.0,45.0,29.0,62.0,50.0,32.0,36.0,73.0,25.0,46.0,35.0,27.0,50.0,15.0,61.0,42.0,31.0,96.0,33.0,40.0,32.0,115.0,163.0,200.0,273.0,220.0,166.0,142.0,116.0,117.0,130.0,85.0,97.0,105.0,76.0,98.0,108.0,235.0,307.0,172.0,474.0,354.0,325.0,459.0,201.0,403.0,367.0,252.0,392.0,121.0,372.0,203.0,277.0,265.0,170.0,128.0,78.0,83.0,61.0,65.0,54.0,58.0,49.0,77.0,87.0,97.0,91.0,87.0,56.0,52.0,57.0,35.0,71.0,84.0,74.0,58.0,82.0,80.0,75.0,67.0,76.0,67.0,55.0,33.0,48.0,54.0,38.0,43.0,61.0,57.0,55.0,28.0,49.0,29.0,38.0,60.0,52.0,53.0,65.0,50.0,32.0,22.0,88.0,116.0,37.0,46.0,38.0,30.0,24.0,56.0,115.0,92.0,55.0,58.0,45.0,84.0,95.0,89.0,51.0,88.0,142.0,88.0,71.0,76.0,101.0,71.0,48.0,32.0,81.0,82.0,56.0,94.0,43.0,67.0,48.0,59.0
166.0,176.0,118.0,190.0,197.0,165.0,157.0,161.0,196.0,190.0,203.0,171.0,186.0,198.0,210.0,191.0,159.0,123.0,109.0,90.0,53.0,82.0,36.0,52.0,35.0,69.0,59.0,63.0,31.0,39.0,37.0,34.0,36.0,54.0,40.0,42.0,110.0,28.0,63.0,21.0,37.0,60.0,29.0,31.0,30.0,24.0,34.0,27.0,41.0,29.0,37.0,23.0,52.0,30.0,51.0,63.0,43.0,39.0,17.0,15.0,121.0,348.0,317.0,283.0,462.0,282.0,426.0,392.0,204.0,400.0,252.0,415.0,263.0,218.0,315.0,218.0,302.0,134.0,178.0,111.0,49.0,76.0,73.0,29.0,68.0,43.0,49.0,50.0,36.0,24.0,29.0,20.0,28.0,22.0,23.0,72.0,56.0,75.0,42.0,51.0,39.0,41.0,36.0,54.0,54.0,37.0,42.0,64.0,42.0,48.0,81.0,99.0,76.0,75.0,125.0,100.0,105.0,62.0,87.0,23.0,42.0,64.0,68.0,44.0,44.0,65.0,113.0,122.0,109.0,118.0,96.0,66.0,87.0,94.0,93.0,82.0,53.0,65.0,72.0,45.0,39.0,102.0,51.0,62.0,47.0,33.0,20.0,52.0,37.0,107.0,33.0,29.0,23.0,32.0,22.0,39.0,75.0,50.0,98.0,70.0,65.0,58.0,71.0,53.0,44.0,33.0,41.0,51.0,61.0,67.0,53.0,31.0
31.0,54.0,63.0,39.0,51.0,43.0,24.0,44.0,31.0,32.0,26.0,35.0,51.0,47.0,83.0,27.0,65.0,20.0,32.0,51.0,33.0,31.0,29.0,32.0,34.0,43.0,67.0,43.0,64.0,52.0,53.0,22.0,35.0,49.0,24.0,34.0,38.0,44.0,36.0,16.0,30.0,44.0,68.0,87.0,68.0,36.0,33.0,61.0,53.0,69.0,59.0,43.0,90.0,69.0,55.0,74.0,61.0,58.0,49.0,42.0,51.0,51.0,74.0,81.0,28.0,29.0,73.0,231.0,190.0,288.0,198.0,472.0,255.0,310.0,298.0,165.0,338.0,104.0,317.0,185.0,216.0,213.0,130.0,199.0,110.0,162.0,112.0,73.0,72.0,42.0,66.0,85.0,63.0,64.0,92.0,46.0,81.0,93.0,51.0,51.0,50.0,82.0,67.0,70.0,50.0,72.0,87.0,44.0,58.0,65.0,85.0,56.0,81.0,43.0,61.0,43.0,42.0,50.0,40.0,47.0,29.0,76.0,57.0,56.0,76.0,85.0,49.0,45.0,41.0,56.0,49.0,55.0,75.0,49.0,78.0,75.0,51.0,71.0,35.0,54.0,56.0,67.0,75.0,62.0,46.0,53.0,35.0,108.0,101.0,30.0,42.0,95.0,18.0,39.0,46.0,27.0,34.0,58.0,36.0,58.0,35.0,69.0,80.0,64.0,80.0,38.0,43.0,41.0,41.0,64.0,52.0,72.0
55.0,67.0,77.0,69.0,36.0,28.0,35.0,76.0,24.0,41.0,24.0,86.0,33.0,41.0,48.0,71.0,31.0,29.0,51.0,46.0,23.0,62.0,51.0,14.0,47.0,35.0,45.0,27.0,53.0,33.0,74.0,54.0,90.0,40.0,46.0,32.0,50.0,33.0,44.0,86.0,46.0,71.0,86.0,35.0,26.0,42.0,66.0,66.0,77.0,56.0,62.0,106.0,51.0,102.0,45.0,54.0,42.0,29.0,61.0,87.0,100.0,73.0,73.0,39.0,25.0,38.0,44.0,43.0,42.0,48.0,26.0,165.0,371.0,247.0,470.0,405.0,253.0,547.0,501.0,306.0,506.0,204.0,501.0,323.0,214.0,327.0,166.0,365.0,121.0,373.0,117.0,310.0,112.0,192.0,77.0,84.0,105.0,111.0,112.0,129.0,73.0,64.0,77.0,70.0,26.0,86.0,80.0,25.0,34.0,74.0,142.0,108.0,142.0,142.0,152.0,135.0,164.0,147.0,137.0,122.0,131.0,75.0,125.0,91.0,135.0,119.0,126.0,143.0,110.0,118.0,83.0,129.0,109.0,140.0,131.0,142.0,102.0,126.0,122.0,73.0,74.0,65.0,93.0,43.0,40.0,59.0,77.0,56.0,68.0,80.0,90.0,89.0,121.0,171.0,115.0,210.0,149.0,142.0,118.0,107.0,60.0,44.0,41.0,123.0,52.0,42.0,41.0,59.0,103.0,41.0,50.0,36.0
17.0,28.0,30.0,41.0,97.0,54.0,56.0,43.0,35.0,86.0,35.0,64.0,44.0,28.0,36.0,34.0,54.0,39.0,43.0,52.0,46.0,54.0,56.0,44.0,13.0,30.0,36.0,50.0,21.0,31.0,77.0,43.0,26.0,61.0,48.0,52.0,36.0,28.0,44.0,72.0,51.0,17.0,20.0,32.0,119.0,56.0,84.0,45.0,37.0,32.0,24.0,41.0,26.0,36.0,99.0,36.0,36.0,45.0,28.0,31.0,83.0,38.0,55.0,31.0,30.0,42.0,56.0,32.0,33.0,69.0,45.0,37.0,38.0,58.0,36.0,22.0,27.0,55.0,54.0,42.0,43.0,189.0,177.0,413.0,361.0,291.0,526.0,361.0,320.0,440.0,240.0,461.0,281.0,273.0,349.0,174.0,373.0,140.0,295.0,106.0,238.0,68.0,25.0,36.0,83.0,42.0,24.0,58.0,23.0,32.0,22.0,25.0,34.0,29.0,54.0,45.0,24.0,29.0,17.0,82.0,57.0,53.0,37.0,42.0,40.0,48.0,38.0,38.0,36.0,48.0,62.0,107.0,64.0,31.0,59.0,32.0,36.0,28.0,123.0,39.0,32.0,36.0,43.0,29.0,58.0,39.0,27.0,23.0,40.0,37.0,41.0,53.0,24.0,41.0,55.0,57.0,76.0,62.0,68.0,69.0,67.0,44.0,50.0,55.0,35.0,60.0,65.0,40.0,82.0,52.0,56.0,42.0
45.0,37.0,37.0,19.0,45.0,63.0,28.0,28.0,24.0,31.0,60.0,55.0,36.0,66.0,41.0,66.0,85.0,47.0,24.0,27.0,26.0,36.0,42.0,58.0,77.0,31.0,30.0,23.0,19.0,61.0,64.0,13.0,38.0,32.0,52.0,39.0,50.0,27.0,55.0,35.0,42.0,29.0,30.0,29.0,41.0,32.0,26.0,38.0,49.0,20.0,30.0,30.0,57.0,118.0,29.0,31.0,42.0,56.0,19.0,48.0,39.0,21.0,33.0,74.0,81.0,42.0,59.0,49.0,64.0,37.0,29.0,36.0,22.0,45.0,38.0,41.0,27.0,28.0,27.0,89.0,30.0,70.0,39.0,40.0,39.0,53.0,98.0,276.0,277.0,132.0,326.0,245.0,258.0,293.0,102.0,328.0,114.0,348.0,157.0,220.0,233.0,162.0,220.0,98.0,155.0,94.0,45.0,53.0,90.0,52.0,43.0,62.0,22.0,63.0,45.0,41.0,24.0,42.0,52.0,35.0,44.0,75.0,38.0,118.0,48.0,48.0,32.0,57.0,49.0,44.0,58.0,74.0,24.0,36.0,22.0,34.0,80.0,52.0,50.0,29.0,56.0,38.0,34.0,21.0,68.0,29.0,34.0,36.0,36.0,78.0,35.0,82.0,79.0,69.0,50.0,52.0,31.0,75.0,18.0,34.0,42.0,23.0,51.0,52.0,31.0,41.0,63.0,24.0,38.0,52.0,34.0,35.0
35.0,39.0,19.0,42.0,14.0,69.0,79.0,32.0,96.0,33.0,83.0,27.0,46.0,28.0,18.0,19.0,36.0,67.0,36.0,30.0,26.0,48.0,19.0,33.0,36.0,45.0,55.0,38.0,30.0,25.0,32.0,54.0,37.0,40.0,17.0,17.0,40.0,63.0,27.0,29.0,108.0,79.0,46.0,42.0,42.0,29.0,53.0,62.0,50.0,40.0,16.0,68.0,30.0,29.0,36.0,41.0,50.0,31.0,27.0,38.0,25.0,42.0,45.0,55.0,43.0,77.0,26.0,53.0,34.0,217.0,316.0,204.0,488.0,374.0,322.0,517.0,196.0,460.0,397.0,204.0,380.0,178.0,408.0,270.0,298.0,159.0,187.0,60.0,30.0,165.0,62.0,57.0,49.0,42.0,48.0,57.0,26.0,38.0,41.0,56.0,49.0,38.0,52.0,30.0,45.0,74.0,45.0,38.0,41.0,74.0,50.0,70.0,54.0,54.0,59.0,48.0,68.0,35.0,50.0,33.0,70.0,31.0,66.0,89.0,45.0,78.0,111.0,38.0,60.0,50.0,54.0,33.0,65.0,45.0,29.0,111.0,52.0,52.0,37.0,70.0,68.0,58.0,50.0,41.0,62.0,31.0,48.0,101.0,65.0,43.0,42.0,48.0,65.0,35.0,43.0,77.0,54.0,36.0,50.0,58.0,28.0,68.0,23.0,43.0,43.0,33.0,67.0,25.0,37.0,46.0,39.0,59.0
49.0,14.0,32.0,46.0,34.0,27.0,34.0,34.0,40.0,22.0,31.0,29.0,33.0,37.0,20.0,27.0,35.0,45.0,38.0,33.0,32.0,32.0,65.0,14.0,29.0,47.0,51.0,78.0,26.0,31.0,43.0,65.0,41.0,42.0,28.0,39.0,51.0,44.0,27.0,52.0,38.0,56.0,29.0,22.0,28.0,32.0,55.0,79.0,40.0,34.0,59.0,38.0,54.0,57.0,32.0,36.0,55.0,33.0,36.0,163.0,403.0,214.0,464.0,340.0,417.0,419.0,185.0,437.0,226.0,316.0,301.0,182.0,324.0,141.0,321.0,117.0,252.0,87.0,61.0,61.0,30.0,45.0,26.0,44.0,52.0,29.0,33.0,33.0,28.0,14.0,34.0,66.0,21.0,26.0,44.0,45.0,41.0,59.0,58.0,39.0,63.0,52.0,29.0,35.0,46.0,37.0,54.0,52.0,40.0,43.0,67.0,45.0,33.0,67.0,74.0,68.0,42.0,45.0,69.0,75.0,53.0,32.0,56.0,64.0,59.0,103.0,31.0,48.0,47.0,56.0,36.0,41.0,38.0,42.0,52.0,51.0,43.0,35.0,54.0,92.0,36.0,33.0,40.0,52.0,55.0,34.0,77.0,25.0,22.0,35.0,54.0,36.0,103.0,22.0,42.0,24.0,92.0,74.0,51.0,24.0,48.0,36.0,23.0,51.0,41.0,74.0,27.0,62.0,42.0,49.0,135.0,48.0
90.0,68.0,51.0,31.0,35.0,64.0,44.0,37.0,40.0,72.0,21.0,38.0,54.0,59.0,20.0,35.0,74.0,62.0,34.0,27.0,79.0,52.0,27.0,28.0,36.0,23.0,82.0,31.0,34.0,53.0,97.0,62.0,70.0,52.0,43.0,26.0,60.0,40.0,63.0,127.0,53.0,52.0,91.0,32.0,62.0,42.0,23.0,33.0,88.0,48.0,38.0,62.0,47.0,60.0,38.0,51.0,24.0,41.0,52.0,47.0,109.0,392.0,355.0,290.0,583.0,205.0,478.0,298.0,243.0,357.0,185.0,366.0,166.0,403.0,271.0,224.0,271.0,160.0,281.0,161.0,115.0,58.0,133.0,73.0,62.0,35.0,43.0,51.0,39.0,20.0,72.0,51.0,43.0,42.0,35.0,34.0,37.0,50.0,67.0,56.0,73.0,46.0,48.0,68.0,61.0,107.0,70.0,65.0,34.0,92.0,53.0,57.0,88.0,39.0,34.0,41.0,74.0,102.0,24.0,35.0,80.0,57.0,77.0,51.0,37.0,38.0,68.0,52.0,97.0,39.0,90.0,59.0,55.0,67.0,51.0,106.0,56.0,94.0,52.0,38.0,68.0,48.0,36.0,46.0,31.0,36.0,68.0,55.0,59.0,66.0,77.0,75.0,82.0,68.0,87.0,70.0,41.0,40.0,46.0,72.0,108.0,29.0,71.0,46.0,24.0,35.0,44.0,44.0,32.0,32.0,69.0,30.0
88.0,46.0,26.0,14.0,53.0,27.0,17.0,78.0,40.0,52.0,43.0,41.0,38.0,21.0,29.0,30.0,23.0,36.0,46.0,86.0,60.0,50.0,44.0,37.0,67.0,34.0,39.0,47.0,43.0,33.0,70.0,33.0,57.0,30.0,21.0,32.0,84.0,62.0,42.0,57.0,40.0,45.0,32.0,24.0,19.0,30.0,50.0,15.0,18.0,39.0,51.0,55.0,63.0,57.0,43.0,45.0,49.0,55.0,338.0,295.0,538.0,478.0,406.0,403.0,438.0,289.0,550.0,483.0,263.0,477.0,294.0,276.0,340.0,191.0,212.0,167.0,159.0,82.0,37.0,62.0,34.0,49.0,34.0,45.0,52.0,34.0,64.0,21.0,32.0,48.0,36.0,34.0,84.0,82.0,57.0,97.0,138.0,105.0,98.0,173.0,114.0,186.0,73.0,154.0,95.0,86.0,75.0,86.0,79.0,77.0,51.0,64.0,33.0,115.0,61.0,91.0,73.0,42.0,75.0,32.0,56.0,51.0,89.0,83.0,60.0,42.0,42.0,94.0,41.0,37.0,58.0,38.0,102.0,19.0,93.0,50.0,55.0,109.0,137.0,56.0,99.0,20.0,43.0,59.0,67.0,59.0,29.0,99.0,110.0,84.0,62.0,81.0,36.0,66.0,61.0,59.0,48.0,91.0,46.0,64.0,60.0,85.0,57.0,58.0,24.0,55.0,67.0,70.0,53.0,110.0,35.0,26.0
58.0,29.0,51.0,34.0,25.0,45.0,46.0,76.0,31.0,68.0,77.0,60.0,58.0,73.0,48.0,41.0,66.0,62.0,51.0,40.0,27.0,26.0,89.0,67.0,79.0,91.0,56.0,62.0,86.0,104.0,60.0,98.0,57.0,18.0,66.0,115.0,40.0,37.0,56.0,40.0,64.0,34.0,29.0,81.0,46.0,72.0,30.0,36.0,46.0,85.0,100.0,61.0,57.0,77.0,55.0,37.0,82.0,70.0,306.0,355.0,467.0,552.0,299.0,380.0,482.0,315.0,492.0,426.0,260.0,493.0,219.0,375.0,416.0,181.0,410.0,183.0,253.0,180.0,186.0,102.0,58.0,77.0,62.0,34.0,66.0,46.0,37.0,39.0,77.0,28.0,45.0,79.0,50.0,27.0,30.0,44.0,62.0,30.0,46.0,39.0,83.0,94.0,35.0,47.0,45.0,30.0,46.0,30.0,56.0,16.0,38.0,27.0,44.0,47.0,58.0,46.0,34.0,49.0,61.0,23.0,29.0,38.0,44.0,28.0,53.0,55.0,79.0,20.0,26.0,46.0,39.0,39.0,51.0,75.0,45.0,48.0,65.0,41.0,43.0,57.0,42.0,41.0,39.0,33.0,31.0,59.0,51.0,54.0,47.0,40.0,57.0,32.0,40.0,58.0,60.0,28.0,45.0,78.0,42.0,36.0,42.0,37.0,36.0,91.0,50.0,27.0,34.0,38.0,40.0,59.0,82.0,23.0
26.0,42.0,41.0,51.0,40.0,23.0,24.0,40.0,44.0,87.0,41.0,41.0,49.0,50.0,58.0,53.0,25.0,49.0,37.0,41.0,56.0,34.0,46.0,86.0,42.0,43.0,25.0,24.0,37.0,57.0,38.0,54.0,25.0,36.0,56.0,32.0,50.0,19.0,21.0,47.0,74.0,59.0,87.0,29.0,37.0,34.0,30.0,57.0,107.0,56.0,41.0,37.0,41.0,46.0,66.0,44.0,36.0,104.0,62.0,32.0,137.0,265.0,233.0,388.0,198.0,494.0,245.0,258.0,341.0,174.0,391.0,278.0,282.0,311.0,222.0,352.0,130.0,335.0,109.0,317.0,116.0,70.0,94.0,119.0,56.0,62.0,36.0,57.0,39.0,29.0,21.0,37.0,53.0,40.0,54.0,50.0,47.0,69.0,28.0,53.0,45.0,39.0,47.0,44.0,90.0,68.0,43.0,36.0,43.0,60.0,61.0,30.0,51.0,67.0,31.0,47.0,40.0,55.0,39.0,65.0,32.0,54.0,33.0,49.0,43.0,41.0,46.0,70.0,61.0,44.0,30.0,44.0,24.0,48.0,30.0,63.0,32.0,26.0,30.0,28.0,36.0,49.0,26.0,65.0,30.0,18.0,40.0,72.0,42.0,58.0,35.0,24.0,26.0,34.0,96.0,54.0,35.0,38.0,53.0,17.0,49.0,16.0,31.0,39.0,33.0,32.0,41.0,37.0,82.0,60.0,35.0,52.0
59.0,23.0,37.0,47.0,28.0,41.0,88.0,24.0,31.0,52.0,66.0,41.0,40.0,45.0,24.0,39.0,43.0,33.0,43.0,56.0,25.0,78.0,29.0,80.0,45.0,22.0,21.0,43.0,58.0,31.0,66.0,68.0,27.0,14.0,40.0,59.0,27.0,39.0,36.0,31.0,29.0,25.0,65.0,25.0,26.0,54.0,61.0,24.0,36.0,65.0,38.0,29.0,30.0,106.0,61.0,54.0,25.0,33.0,48.0,48.0,205.0,372.0,358.0,280.0,508.0,403.0,254.0,409.0,159.0,414.0,202.0,313.0,305.0,221.0,254.0,170.0,301.0,156.0,53.0,64.0,26.0,26.0,47.0,38.0,39.0,22.0,35.0,55.0,51.0,30.0,44.0,25.0,60.0,37.0,20.0,73.0,56.0,51.0,44.0,34.0,18.0,51.0,32.0,62.0,48.0,61.0,87.0,44.0,44.0,48.0,35.0,65.0,46.0,43.0,45.0,49.0,47.0,72.0,40.0,81.0,32.0,59.0,110.0,144.0,28.0,44.0,50.0,67.0,50.0,45.0,42.0,64.0,37.0,47.0,69.0,69.0,21.0,58.0,93.0,37.0,92.0,40.0,86.0,30.0,70.0,29.0,120.0,20.0,82.0,42.0,34.0,50.0,62.0,123.0,69.0,32.0,45.0,71.0,58.0,23.0,72.0,98.0,33.0,21.0,30.0,91.0,60.0,68.0,53.0,85.0,25.0,72.0
49.0,32.0,46.0,51.0,31.0,38.0,43.0,22.0,57.0,54.0,51.0,23.0,40.0,51.0,66.0,43.0,73.0,35.0,32.0,41.0,42.0,62.0,57.0,81.0,72.0,54.0,44.0,34.0,49.0,58.0,39.0,106.0,85.0,79.0,35.0,75.0,64.0,82.0,97.0,53.0,67.0,108.0,63.0,48.0,60.0,36.0,73.0,48.0,72.0,90.0,74.0,36.0,37.0,38.0,82.0,26.0,190.0,393.0,226.0,571.0,575.0,236.0,628.0,485.0,357.0,562.0,233.0,466.0,362.0,221.0,356.0,161.0,350.0,120.0,318.0,91.0,187.0,120.0,127.0,128.0,187.0,101.0,91.0,102.0,81.0,68.0,56.0,40.0,71.0,42.0,31.0,67.0,49.0,91.0,53.0,85.0,72.0,122.0,89.0,105.0,118.0,162.0,174.0,126.0,186.0,152.0,177.0,157.0,212.0,192.0,220.0,215.0,203.0,212.0,198.0,154.0,166.0,129.0,188.0,146.0,185.0,127.0,153.0,103.0,101.0,108.0,129.0,155.0,136.0,103.0,120.0,40.0,90.0,75.0,84.0,81.0,49.0,90.0,34.0,60.0,57.0,17.0,67.0,48.0,94.0,40.0,31.0,27.0,78.0,112.0,118.0,220.0,338.0,190.0,292.0,178.0,204.0,150.0,218.0,211.0,169.0,206.0,216.0,219.0,224.0,192.0,248.0,201.0,216.0,215.0,201.0,213.0
32.0,64.0,40.0,26.0,46.0,46.0,49.0,60.0,63.0,60.0,37.0,30.0,67.0,61.0,28.0,47.0,90.0,88.0,33.0,47.0,53.0,66.0,52.0,60.0,101.0,56.0,33.0,38.0,64.0,120.0,48.0,96.0,58.0,32.0,51.0,30.0,33.0,53.0,28.0,39.0,44.0,26.0,59.0,34.0,76.0,40.0,35.0,43.0,100.0,53.0,79.0,56.0,59.0,40.0,57.0,147.0,309.0,192.0,437.0,497.0,401.0,502.0,503.0,415.0,810.0,718.0,402.0,739.0,505.0,453.0,537.0,255.0,441.0,299.0,317.0,290.0,243.0,164.0,274.0,118.0,75.0,75.0,53.0,34.0,52.0,27.0,47.0,37.0,46.0,53.0,36.0,49.0,71.0,34.0,40.0,36.0,38.0,38.0,55.0,36.0,69.0,42.0,74.0,52.0,48.0,36.0,39.0,66.0,49.0,35.0,87.0,46.0,33.0,58.0,30.0,45.0,84.0,35.0,55.0,47.0,25.0,27.0,36.0,46.0,32.0,42.0,43.0,91.0,47.0,22.0,39.0,63.0,32.0,43.0,21.0,20.0,31.0,60.0,24.0,86.0,46.0,37.0,31.0,27.0,20.0,84.0,55.0,32.0,57.0,22.0,37.0,22.0,51.0,47.0,36.0,28.0,23.0,58.0,28.0,42.0,24.0,21.0,61.0,69.0,50.0,26.0,38.0,37.0,82.0,25.0,57.0,34.0
110.0,74.0,102.0,83.0,46.0,48.0,154.0,86.0,42.0,53.0,66.0,53.0,54.0,85.0,22.0,89.0,62.0,80.0,74.0,48.0,91.0,78.0,52.0,85.0,66.0,92.0,64.0,53.0,74.0,83.0,81.0,123.0,58.0,74.0,94.0,71.0,51.0,32.0,48.0,25.0,25.0,38.0,50.0,92.0,40.0,65.0,32.0,88.0,67.0,55.0,81.0,52.0,72.0,112.0,153.0,527.0,579.0,393.0,704.0,698.0,391.0,753.0,589.0,475.0,728.0,397.0,490.0,527.0,258.0,477.0,220.0,343.0,156.0,111.0,131.0,75.0,63.0,32.0,52.0,39.0,69.0,63.0,44.0,43.0,75.0,53.0,48.0,32.0,41.0,54.0,75.0,95.0,82.0,49.0,30.0,91.0,53.0,75.0,93.0,89.0,123.0,80.0,85.0,127.0,151.0,174.0,91.0,127.0,128.0,74.0,73.0,85.0,79.0,56.0,52.0,68.0,43.0,69.0,34.0,37.0,73.0,93.0,50.0,74.0,96.0,98.0,56.0,87.0,46.0,48.0,73.0,49.0,77.0,73.0,71.0,127.0,92.0,136.0,138.0,113.0,104.0,95.0,45.0,57.0,59.0,49.0,51.0,51.0,47.0,49.0,69.0,50.0,28.0,52.0,39.0,32.0,31.0,89.0,67.0,87.0,68.0,69.0,94.0,137.0,48.0,139.0,50.0,94.0,37.0,84.0,30.0,41.0
24.0,44.0,28.0,58.0,46.0,41.0,46.0,91.0,29.0,56.0,51.0,52.0,64.0,36.0,48.0,30.0,18.0,37.0,38.0,83.0,36.0,35.0,50.0,41.0,36.0,40.0,49.0,79.0,51.0,21.0,61.0,63.0,77.0,38.0,48.0,37.0,59.0,77.0,72.0,59.0,55.0,78.0,64.0,83.0,71.0,60.0,60.0,46.0,55.0,69.0,59.0,55.0,46.0,59.0,97.0,88.0,59.0,78.0,185.0,376.0,176.0,295.0,237.0,426.0,340.0,216.0,427.0,238.0,496.0,238.0,356.0,352.0,175.0,332.0,189.0,175.0,225.0,92.0,212.0,64.0,69.0,41.0,43.0,119.0,99.0,30.0,73.0,80.0,81.0,62.0,50.0,22.0,42.0,50.0,71.0,76.0,51.0,80.0,21.0,42.0,59.0,93.0,87.0,60.0,58.0,66.0,42.0,54.0,60.0,104.0,57.0,74.0,93.0,49.0,78.0,44.0,79.0,82.0,88.0,72.0,55.0,78.0,121.0,79.0,28.0,50.0,49.0,32.0,41.0,78.0,64.0,46.0,40.0,46.0,89.0,59.0,57.0,51.0,45.0,80.0,30.0,55.0,62.0,42.0,61.0,53.0,67.0,113.0,47.0,81.0,78.0,78.0,111.0,73.0,105.0,100.0,104.0,91.0,86.0,73.0,75.0,82.0,66.0,83.0,40.0,85.0,42.0,80.0,60.0,73.0,37.0,63.0
59.0,34.0,31.0,57.0,36.0,58.0,59.0,51.0,44.0,39.0,37.0,69.0,27.0,34.0,36.0,24.0,31.0,74.0,82.0,74.0,67.0,82.0,72.0,65.0,72.0,60.0,62.0,55.0,70.0,60.0,30.0,29.0,57.0,30.0,49.0,34.0,73.0,35.0,25.0,48.0,41.0,22.0,37.0,40.0,25.0,25.0,41.0,19.0,65.0,73.0,35.0,81.0,59.0,39.0,65.0,56.0,44.0,82.0,90.0,84.0,189.0,426.0,344.0,165.0,430.0,326.0,359.0,477.0,340.0,588.0,449.0,300.0,537.0,299.0,373.0,424.0,280.0,366.0,178.0,270.0,156.0,111.0,79.0,38.0,58.0,33.0,46.0,24.0,31.0,33.0,44.0,71.0,43.0,43.0,36.0,64.0,52.0,56.0,40.0,48.0,94.0,72.0,80.0,38.0,54.0,58.0,44.0,25.0,21.0,86.0,88.0,60.0,34.0,44.0,22.0,79.0,89.0,59.0,45.0,42.0,57.0,61.0,35.0,43.0,38.0,38.0,63.0,34.0,34.0,40.0,80.0,95.0,53.0,50.0,26.0,47.0,54.0,54.0,77.0,41.0,51.0,50.0,22.0,49.0,64.0,47.0,16.0,51.0,56.0,21.0,51.0,42.0,38.0,25.0,24.0,12.0,78.0,58.0,50.0,42.0,101.0,38.0,41.0,57.0,38.0,53.0,26.0,45.0,48.0,69.0,41.0,43.0
46.0,84.0,45.0,68.0,51.0,57.0,43.0,40.0,27.0,34.0,29.0,24.0,40.0,35.0,41.0,47.0,52.0,37.0,54.0,20.0,95.0,27.0,32.0,37.0,29.0,44.0,45.0,27.0,27.0,29.0,36.0,18.0,23.0,33.0,11.0,26.0,49.0,50.0,35.0,43.0,38.0,24.0,52.0,35.0,65.0,47.0,30.0,85.0,31.0,31.0,45.0,42.0,36.0,67.0,28.0,28.0,48.0,50.0,36.0,35.0,38.0,33.0,125.0,222.0,431.0,425.0,241.0,521.0,506.0,335.0,602.0,486.0,315.0,546.0,269.0,461.0,393.0,242.0,313.0,148.0,269.0,114.0,55.0,137.0,91.0,41.0,40.0,37.0,65.0,70.0,50.0,65.0,48.0,71.0,105.0,56.0,62.0,78.0,63.0,56.0,142.0,145.0,88.0,74.0,81.0,58.0,41.0,68.0,57.0,64.0,65.0,55.0,61.0,32.0,39.0,55.0,40.0,56.0,45.0,71.0,56.0,24.0,71.0,35.0,44.0,41.0,29.0,49.0,54.0,58.0,27.0,84.0,85.0,90.0,98.0,68.0,82.0,77.0,101.0,79.0,87.0,83.0,101.0,78.0,121.0,77.0,68.0,82.0,109.0,60.0,78.0,84.0,32.0,174.0,87.0,52.0,67.0,118.0,103.0,67.0,57.0,91.0,72.0,67.0,78.0,62.0,70.0,58.0,98.0,102.0,74.0,107.0
41.0,24.0,43.0,61.0,64.0,82.0,70.0,64.0,50.0,80.0,40.0,56.0,30.0,29.0,87.0,94.0,62.0,56.0,67.0,87.0,82.0,68.0,54.0,74.0,59.0,57.0,78.0,59.0,46.0,67.0,55.0,36.0,48.0,50.0,60.0,58.0,66.0,46.0,55.0,28.0,86.0,34.0,41.0,62.0,101.0,104.0,131.0,130.0,90.0,91.0,173.0,177.0,126.0,102.0,83.0,129.0,130.0,99.0,111.0,101.0,80.0,178.0,48.0,83.0,179.0,429.0,285.0,236.0,438.0,414.0,269.0,428.0,502.0,190.0,528.0,376.0,335.0,434.0,214.0,440.0,203.0,327.0,212.0,253.0,167.0,90.0,147.0,40.0,128.0,45.0,109.0,70.0,101.0,108.0,50.0,81.0,84.0,50.0,71.0,96.0,50.0,84.0,83.0,89.0,62.0,66.0,42.0,62.0,37.0,55.0,36.0,39.0,63.0,59.0,56.0,58.0,35.0,68.0,30.0,26.0,49.0,23.0,38.0,80.0,61.0,68.0,60.0,79.0,50.0,55.0,89.0,79.0,118.0,71.0,72.0,62.0,42.0,42.0,52.0,41.0,29.0,48.0,38.0,57.0,51.0,51.0,53.0,39.0,36.0,44.0,48.0,24.0,37.0,28.0,77.0,41.0,17.0,37.0,69.0,30.0,45.0,53.0,121.0,37.0,40.0,35.0,51.0,57.0,91.0,51.0,27.0,48.0
79.0,56.0,109.0,44.0,61.0,61.0,94.0,74.0,65.0,79.0,82.0,59.0,64.0,58.0,60.0,74.0,60.0,109.0,57.0,56.0,84.0,62.0,74.0,89.0,49.0,53.0,39.0,95.0,71.0,112.0,96.0,56.0,67.0,69.0,85.0,67.0,123.0,59.0,41.0,71.0,79.0,84.0,72.0,88.0,49.0,67.0,68.0,53.0,56.0,64.0,89.0,63.0,39.0,64.0,22.0,45.0,45.0,55.0,70.0,61.0,51.0,43.0,36.0,69.0,66.0,37.0,42.0,40.0,65.0,266.0,319.0,440.0,555.0,606.0,373.0,565.0,536.0,338.0,559.0,383.0,290.0,527.0,246.0,429.0,367.0,214.0,302.0,171.0,190.0,188.0,73.0,110.0,80.0,82.0,98.0,82.0,39.0,58.0,59.0,35.0,15.0,47.0,22.0,63.0,76.0,39.0,71.0,39.0,70.0,47.0,79.0,54.0,104.0,84.0,78.0,79.0,74.0,96.0,74.0,71.0,47.0,94.0,64.0,62.0,49.0,51.0,35.0,19.0,45.0,47.0,39.0,94.0,40.0,53.0,64.0,49.0,51.0,44.0,73.0,31.0,92.0,56.0,90.0,48.0,45.0,52.0,56.0,82.0,56.0,52.0,76.0,89.0,53.0,38.0,62.0,82.0,39.0,95.0,45.0,37.0,31.0,55.0,74.0,67.0,35.0,59.0,85.0,36.0,30.0,48.0,59.0,41.0
39.0,83.0,71.0,30.0,51.0,55.0,74.0,84.0,77.0,46.0,47.0,44.0,69.0,56.0,51.0,32.0,35.0,55.0,60.0,49.0,41.0,33.0,35.0,44.0,45.0,53.0,61.0,57.0,92.0,67.0,42.0,38.0,49.0,26.0,52.0,55.0,44.0,37.0,53.0,34.0,80.0,63.0,72.0,41.0,52.0,45.0,65.0,16.0,51.0,45.0,26.0,40.0,29.0,38.0,75.0,58.0,74.0,77.0,49.0,46.0,68.0,105.0,42.0,54.0,57.0,79.0,48.0,46.0,56.0,29.0,44.0,54.0,39.0,140.0,462.0,411.0,317.0,553.0,522.0,404.0,683.0,357.0,488.0,439.0,246.0,529.0,284.0,334.0,383.0,165.0,368.0,100.0,355.0,153.0,181.0,205.0,178.0,71.0,72.0,104.0,72.0,95.0,90.0,38.0,59.0,59.0,67.0,52.0,73.0,70.0,75.0,85.0,87.0,93.0,122.0,108.0,80.0,72.0,125.0,55.0,54.0,43.0,66.0,109.0,54.0,48.0,65.0,63.0,72.0,49.0,84.0,46.0,35.0,33.0,61.0,99.0,66.0,62.0,67.0,99.0,84.0,57.0,68.0,62.0,106.0,96.0,104.0,115.0,167.0,127.0,132.0,85.0,110.0,150.0,104.0,109.0,57.0,88.0,82.0,87.0,54.0,65.0,41.0,89.0,48.0,66.0,64.0,59.0,62.0,89.0,73.0,62.0
41.0,47.0,57.0,36.0,47.0,46.0,41.0,49.0,22.0,26.0,42.0,43.0,27.0,60.0,49.0,33.0,44.0,68.0,63.0,26.0,20.0,83.0,46.0,44.0,36.0,74.0,14.0,18.0,40.0,56.0,26.0,25.0,28.0,23.0,25.0,24.0,51.0,41.0,54.0,34.0,23.0,23.0,64.0,30.0,55.0,56.0,72.0,68.0,34.0,24.0,60.0,73.0,38.0,65.0,60.0,68.0,64.0,59.0,62.0,68.0,58.0,184.0,279.0,209.0,417.0,430.0,267.0,594.0,372.0,403.0,411.0,240.0,558.0,162.0,380.0,379.0,275.0,389.0,205.0,365.0,159.0,311.0,150.0,173.0,61.0,64.0,67.0,73.0,97.0,78.0,45.0,46.0,82.0,93.0,34.0,51.0,54.0,73.0,26.0,51.0,76.0,56.0,140.0,78.0,73.0,53.0,67.0,54.0,45.0,35.0,73.0,40.0,45.0,35.0,73.0,44.0,53.0,44.0,44.0,51.0,28.0,61.0,112.0,56.0,107.0,73.0,31.0,29.0,42.0,70.0,56.0,54.0,87.0,45.0,63.0,97.0,55.0,47.0,45.0,29.0,89.0,85.0,38.0,50.0,70.0,55.0,26.0,62.0,41.0,66.0,69.0,46.0,26.0,72.0,44.0,16.0,85.0,33.0,20.0,47.0,46.0,49.0,29.0,60.0,45.0,62.0,78.0,72.0,61.0,71.0,56.0,53.0
44.0,23.0,50.0,26.0,46.0,48.0,54.0,31.0,33.0,62.0,47.0,80.0,39.0,33.0,20.0,24.0,69.0,70.0,53.0,52.0,65.0,43.0,57.0,59.0,73.0,79.0,45.0,82.0,67.0,69.0,39.0,42.0,48.0,46.0,62.0,76.0,40.0,58.0,56.0,93.0,53.0,46.0,37.0,51.0,35.0,42.0,101.0,74.0,28.0,38.0,47.0,33.0,40.0,22.0,77.0,50.0,71.0,74.0,51.0,47.0,30.0,54.0,75.0,56.0,55.0,45.0,51.0,43.0,63.0,43.0,47.0,108.0,389.0,654.0,487.0,384.0,613.0,350.0,478.0,504.0,269.0,592.0,385.0,284.0,327.0,162.0,364.0,124.0,304.0,80.0,179.0,74.0,99.0,62.0,158.0,42.0,51.0,42.0,53.0,71.0,49.0,55.0,22.0,49.0,91.0,64.0,19.0,42.0,100.0,52.0,113.0,53.0,56.0,36.0,87.0,81.0,33.0,32.0,24.0,46.0,33.0,45.0,32.0,35.0,56.0,28.0,57.0,24.0,90.0,77.0,31.0,24.0,42.0,48.0,32.0,59.0,23.0,51.0,48.0,26.0,25.0,29.0,82.0,66.0,57.0,37.0,32.0,49.0,45.0,83.0,63.0,34.0,17.0,73.0,52.0,49.0,25.0,44.0,29.0,82.0,31.0,50.0,34.0,22.0,20.0,72.0,113.0,65.0,47.0,34.0,70.0,43.0
